height_score,player_x,player_y,nearest_plat_x,nearest_plat_y
5,287,601,291,582
0,287,603,291,582
0,287,606,291,582
0,287,610,291,582
0,287,615,291,582
0,287,621,291,582
0,287,628,291,582
0,287,631,291,582
0,287,612,291,582
0,287,594,291,582
0,287,577,291,582
0,287,561,291,582
0,287,546,291,582
0,287,532,253,502
0,287,519,253,502
0,287,507,253,502
0,287,496,253,502
0,287,486,253,502
0,287,477,253,502
0,287,469,253,502
0,287,462,253,502
0,287,456,253,502
0,287,451,253,502
0,287,447,253,502
0,287,444,253,502
0,287,442,253,502
0,287,441,253,502
0,287,441,253,502
0,287,442,253,502
0,287,444,253,502
0,287,447,253,502
0,287,451,253,502
0,287,456,253,502
0,287,461,253,502
0,287,467,253,502
0,287,467,253,502
0,287,448,253,502
0,287,430,253,502
0,287,413,253,502
0,287,397,253,502
0,287,382,403,355
0,287,368,403,355
0,287,355,403,355
0,287,343,403,355
0,287,332,403,355
0,287,322,403,355
0,287,313,403,355
1,287,305,403,355
1,287,298,403,355
1,287,292,403,355
1,287,287,403,355
1,287,283,403,355
1,287,280,403,355
1,287,278,403,355
2,287,277,403,355
2,287,277,403,355
2,287,278,403,355
2,287,280,403,355
2,287,283,403,355
2,287,287,403,355
2,287,292,403,355
2,287,297,403,355
2,287,303,403,355
2,287,310,403,355
2,287,318,403,355
2,287,327,403,355
2,287,337,403,355
2,287,348,403,355
2,287,360,403,355
2,287,373,403,355
2,287,387,253,502
2,287,402,253,502
2,287,418,253,502
2,287,435,253,502
2,287,453,253,502
2,287,467,253,502
2,287,448,253,502
2,287,430,253,502
2,287,413,253,502
2,287,397,253,502
2,287,382,403,355
2,289,368,403,355
2,292,355,403,355
2,295,343,403,355
2,299,332,403,355
2,303,322,403,355
2,308,313,403,355
2,313,305,403,355
2,319,298,403,355
2,325,292,403,355
2,332,287,403,355
2,339,283,403,355
2,347,280,403,355
2,355,278,403,355
2,364,277,403,355
2,373,277,403,355
2,383,278,403,355
2,393,280,403,355
2,404,283,403,355
2,415,287,403,355
2,427,292,403,355
2,438,297,403,355
2,448,303,403,355
2,457,310,403,355
2,465,318,403,355
2,472,320,403,355
2,478,301,403,355
2,483,283,403,355
2,487,266,403,355
2,490,250,403,355
2,492,235,403,355
2,493,221,403,355
2,493,208,403,355
3,493,196,403,355
3,493,185,403,355
3,493,175,403,355
3,493,166,403,355
3,493,158,390,-24
4,493,151,390,-24
4,493,145,390,-24
4,493,140,390,-24
4,493,136,390,-24
4,493,133,390,-24
4,493,131,390,-24
4,493,130,390,-24
5,493,130,390,-24
5,493,131,390,-24
5,493,133,390,-24
5,493,136,390,-24
5,493,140,390,-24
5,493,145,390,-24
5,493,150,390,-24
5,493,156,390,-24
5,493,163,403,355
5,493,171,403,355
5,493,180,403,355
5,493,190,403,355
5,493,201,403,355
5,493,213,403,355
5,493,226,403,355
5,493,240,403,355
5,493,255,403,355
5,493,271,403,355
5,493,288,403,355
5,493,306,403,355
5,493,320,403,355
5,493,301,403,355
5,493,283,403,355
5,493,266,403,355
5,493,250,403,355
5,493,235,403,355
5,493,221,403,355
5,493,208,403,355
5,495,196,403,355
5,498,185,403,355
5,501,175,403,355
5,505,166,403,355
5,509,158,390,-24
5,514,151,390,-24
5,519,145,390,-24
5,525,140,390,-24
5,531,136,390,-24
5,538,133,390,-24
5,545,131,390,-24
5,553,130,390,-24
5,561,130,390,-24
5,570,131,390,-24
5,4,133,14,181
5,14,136,14,181
5,24,140,14,181
5,35,145,14,181
5,46,146,14,181
5,58,127,14,181
5,70,109,14,181
5,83,92,14,181
5,96,76,14,181
5,108,61,14,181
5,119,47,14,181
6,129,34,14,181
6,138,22,14,181
6,146,11,136,-188
6,153,1,136,-188
7,159,-8,136,-188
7,164,-16,136,-188
7,168,-23,136,-188
7,166,-29,136,-188
7,164,-34,136,-188
8,161,-38,136,-188
8,158,-41,136,-188
8,154,-43,136,-188
8,150,-44,136,-188
8,145,-44,136,-188
8,140,-43,136,-188
8,134,-41,136,-188
8,128,-38,136,-188
8,121,-34,136,-188
8,114,-30,136,-188
8,106,-25,136,-188
8,98,-19,136,-188
8,89,-12,136,-188
8,80,-4,136,-188
8,70,5,14,181
8,61,15,14,181
8,53,26,14,181
8,46,38,14,181
8,40,51,14,181
8,35,65,14,181
8,31,80,14,181
8,28,96,14,181
8,26,113,14,181
8,25,131,14,181
8,25,146,14,181
8,25,127,14,181
8,25,109,14,181
8,25,92,14,181
8,25,76,14,181
8,25,61,14,181
8,25,47,14,181
8,25,34,14,181
8,25,22,14,181
8,25,11,14,181
8,25,1,14,181
8,25,-8,14,181
8,25,-16,14,181
8,25,-23,136,-188
8,25,-29,136,-188
8,25,-34,136,-188
8,25,-38,136,-188
8,25,-41,136,-188
8,25,-43,136,-188
8,25,-44,136,-188
8,25,-44,136,-188
8,25,-43,136,-188
8,25,-41,136,-188
8,25,-38,136,-188
8,25,-34,136,-188
8,25,-30,136,-188
8,25,-25,136,-188
8,25,-19,14,181
8,25,-12,14,181
8,25,-4,14,181
8,25,5,14,181
8,25,15,14,181
8,25,26,14,181
8,25,38,14,181
8,25,51,14,181
8,25,65,14,181
8,25,80,14,181
8,25,96,14,181
8,25,113,14,181
8,25,131,14,181
8,25,146,14,181
8,25,127,14,181
8,23,109,14,181
8,21,92,14,181
8,18,76,14,181
8,15,61,14,181
8,11,47,14,181
8,7,34,14,181
8,2,22,14,181
8,572,11,390,-24
8,566,1,390,-24
8,560,-8,390,-24
8,553,-16,390,-24
8,546,-23,390,-24
8,538,-29,390,-24
8,530,-34,390,-24
8,521,-38,390,-24
8,512,-41,390,-24
8,502,-43,390,-24
8,492,-44,390,-24
8,481,-44,390,-24
8,470,-59,390,-24
8,458,-78,390,-24
9,446,-96,390,-24
9,433,-113,390,-24
9,421,-129,390,-24
9,410,-144,390,-24
9,400,-158,461,-264
10,391,-171,461,-264
10,383,-183,461,-264
10,376,-194,461,-264
10,370,-204,461,-264
11,365,-213,461,-264
11,361,-221,461,-264
11,358,-228,461,-264
11,356,-234,461,-264
11,358,-239,461,-264
12,361,-243,461,-264
12,364,-246,461,-264
12,368,-248,461,-264
12,372,-249,461,-264
12,377,-249,461,-264
12,382,-248,461,-264
12,388,-246,461,-264
12,394,-243,461,-264
12,399,-239,461,-264
12,403,-235,461,-264
12,406,-230,461,-264
12,408,-224,461,-264
12,409,-217,461,-264
12,409,-209,461,-264
12,409,-200,461,-264
12,409,-190,461,-264
12,409,-179,461,-264
12,409,-167,461,-264
12,409,-154,461,-264
12,409,-140,390,-24
12,409,-125,390,-24
12,409,-109,390,-24
12,409,-92,390,-24
12,409,-74,390,-24
12,409,-74,390,-24
12,409,-143,390,-24
12,409,-211,461,-264
12,409,-278,461,-264
13,409,-344,480,-371
13,409,-409,480,-371
13,409,-473,496,-476
14,409,-536,496,-476
15,409,-598,480,-695
16,409,-659,480,-695
17,409,-719,480,-695
18,409,-778,480,-695
19,409,-836,389,-910
20,409,-893,389,-910
21,409,-949,389,-910
22,409,-1004,389,-910
23,409,-1058,389,-910
24,409,-1111,389,-910
25,409,-1163,479,-1343
26,409,-1214,479,-1343
28,409,-1264,479,-1343
29,409,-1313,479,-1343
30,409,-1361,479,-1343
31,409,-1408,479,-1343
32,409,-1454,479,-1343
33,409,-1500,433,-1618
34,409,-1545,433,-1618
35,409,-1589,433,-1618
36,409,-1632,433,-1618
36,409,-1674,433,-1618
37,409,-1715,433,-1618
38,409,-1755,436,-1818
39,409,-1794,436,-1818
40,409,-1832,436,-1818
41,409,-1869,436,-1818
42,409,-1905,380,-1930
42,409,-1940,380,-1930
43,409,-1974,380,-1930
44,409,-2007,380,-1930
45,409,-2039,380,-1930
45,407,-2070,380,-1930
46,405,-2100,380,-1930
47,402,-2129,380,-1930
47,399,-2157,380,-1930
48,395,-2184,380,-1930
49,391,-2210,187,-2024
49,386,-2235,187,-2024
50,381,-2259,187,-2024
50,375,-2282,189,-2499
51,369,-2304,189,-2499
52,362,-2325,189,-2499
52,355,-2345,189,-2499
53,347,-2364,189,-2499
53,339,-2382,189,-2499
53,330,-2399,189,-2499
54,321,-2415,189,-2499
54,311,-2430,189,-2499
55,301,-2444,189,-2499
55,290,-2457,189,-2499
55,279,-2469,189,-2499
56,267,-2480,189,-2499
56,255,-2490,189,-2499
56,242,-2499,189,-2499
56,229,-2507,189,-2499
57,215,-2514,189,-2499
57,201,-2520,189,-2499
57,186,-2525,189,-2499
57,171,-2529,189,-2499
57,155,-2532,189,-2499
58,139,-2534,189,-2499
58,122,-2535,189,-2499
58,105,-2535,189,-2499
58,87,-2534,189,-2499
58,70,-2532,189,-2499
58,54,-2529,189,-2499
58,56,-2526,189,-2499
58,59,-2522,189,-2499
58,62,-2517,189,-2499
58,66,-2511,189,-2499
58,69,-2504,189,-2499
58,71,-2496,189,-2499
58,72,-2487,189,-2499
58,72,-2477,189,-2499
58,72,-2466,55,-2349
58,72,-2454,55,-2349
58,72,-2441,55,-2349
58,72,-2427,55,-2349
58,72,-2412,55,-2349
58,72,-2396,55,-2349
58,72,-2384,55,-2349
58,72,-2403,55,-2349
58,72,-2421,55,-2349
58,72,-2438,55,-2349
58,72,-2454,55,-2349
58,72,-2469,189,-2499
58,72,-2483,189,-2499
58,72,-2496,189,-2499
58,72,-2508,189,-2499
58,72,-2519,189,-2499
58,72,-2529,189,-2499
58,72,-2538,189,-2499
58,72,-2546,189,-2499
58,72,-2553,189,-2499
58,72,-2559,189,-2499
58,72,-2564,189,-2499
58,72,-2568,189,-2499
59,72,-2571,189,-2499
59,72,-2573,189,-2499
59,72,-2574,189,-2499
59,72,-2574,189,-2499
59,72,-2573,189,-2499
59,72,-2571,189,-2499
59,72,-2568,189,-2499
59,72,-2564,189,-2499
59,72,-2560,189,-2499
59,72,-2555,189,-2499
59,72,-2549,189,-2499
59,72,-2542,189,-2499
59,72,-2534,189,-2499
59,72,-2525,189,-2499
59,72,-2515,189,-2499
59,72,-2504,189,-2499
59,72,-2492,189,-2499
59,72,-2479,189,-2499
59,72,-2465,55,-2349
59,74,-2450,55,-2349
59,77,-2434,55,-2349
59,80,-2417,55,-2349
59,84,-2399,55,-2349
59,88,-2384,55,-2349
59,93,-2403,55,-2349
59,98,-2421,55,-2349
59,104,-2438,55,-2349
59,110,-2454,189,-2499
59,117,-2469,189,-2499
59,124,-2483,189,-2499
59,132,-2496,189,-2499
59,140,-2508,189,-2499
59,149,-2519,189,-2499
59,158,-2529,189,-2499
59,168,-2538,189,-2499
59,178,-2546,189,-2499
59,189,-2553,240,-2556
59,200,-2559,240,-2556
59,212,-2564,240,-2556
59,224,-2568,240,-2556
59,237,-2571,240,-2556
59,249,-2573,240,-2556
59,260,-2574,240,-2556
59,270,-2574,240,-2556
59,279,-2606,240,-2556
59,287,-2675,303,-2763
59,294,-2743,303,-2763
60,300,-2810,303,-2763
61,305,-2876,394,-2909
62,309,-2941,394,-2909
63,312,-3005,394,-2909
64,314,-3068,394,-2909
65,315,-3130,118,-3099
66,315,-3191,487,-3237
67,315,-3251,487,-3237
68,315,-3310,465,-3404
69,315,-3368,465,-3404
70,315,-3425,465,-3404
71,315,-3481,311,-3594
73,315,-3536,311,-3594
74,315,-3590,311,-3594
75,315,-3643,311,-3594
76,315,-3695,311,-3594
77,315,-3746,414,-3775
78,315,-3796,414,-3775
79,315,-3845,414,-3775
80,315,-3893,414,-3775
81,315,-3940,414,-3775
82,315,-3986,445,-4141
83,315,-4032,445,-4141
84,315,-4077,445,-4141
85,315,-4121,445,-4141
86,315,-4164,445,-4141
87,315,-4206,445,-4141
88,315,-4247,445,-4141
89,315,-4287,445,-4141
90,315,-4326,416,-4506
91,315,-4364,416,-4506
91,315,-4401,416,-4506
92,315,-4437,416,-4506
93,315,-4472,416,-4506
94,315,-4506,416,-4506
95,315,-4539,416,-4506
95,315,-4571,416,-4506
96,315,-4602,416,-4506
97,315,-4632,416,-4506
97,315,-4661,416,-4506
98,315,-4689,402,-4853
99,315,-4716,402,-4853
99,315,-4742,402,-4853
100,315,-4767,402,-4853
101,315,-4791,402,-4853
101,315,-4814,402,-4853
102,315,-4836,402,-4853
102,315,-4857,402,-4853
103,315,-4877,402,-4853
103,315,-4896,402,-4853
104,315,-4914,402,-4853
104,315,-4931,307,-5020
104,315,-4947,307,-5020
105,315,-4962,307,-5020
105,315,-4976,307,-5020
106,315,-4989,307,-5020
106,315,-5001,307,-5020
106,315,-5012,307,-5020
107,315,-5022,307,-5020
107,315,-5031,307,-5020
107,315,-5039,307,-5020
107,315,-5046,307,-5020
108,315,-5052,307,-5020
108,315,-5057,307,-5020
108,315,-5061,307,-5020
108,315,-5064,307,-5020
108,315,-5066,307,-5020
108,315,-5067,307,-5020
108,315,-5067,307,-5020
109,315,-5066,307,-5020
109,315,-5064,307,-5020
109,315,-5061,307,-5020
109,315,-5058,307,-5020
109,315,-5055,307,-5020
109,315,-5074,307,-5020
109,315,-5092,325,-5128
109,315,-5109,325,-5128
109,315,-5125,325,-5128
109,315,-5140,325,-5128
109,315,-5154,325,-5128
110,315,-5167,325,-5128
110,315,-5179,325,-5128
110,315,-5190,325,-5128
110,315,-5200,325,-5128
111,315,-5209,325,-5128
111,315,-5217,325,-5128
111,315,-5224,325,-5128
111,315,-5230,325,-5128
111,315,-5235,325,-5128
112,315,-5239,325,-5128
112,315,-5242,325,-5128
112,315,-5244,325,-5128
112,315,-5245,325,-5128
112,315,-5245,325,-5128
112,317,-5244,325,-5128
112,320,-5242,325,-5128
112,323,-5239,325,-5128
112,327,-5235,325,-5128
112,331,-5231,325,-5128
112,336,-5226,325,-5128
112,341,-5220,325,-5128
112,347,-5213,325,-5128
112,353,-5205,325,-5128
112,358,-5196,325,-5128
112,362,-5186,325,-5128
112,365,-5175,325,-5128
112,367,-5163,325,-5128
112,368,-5163,325,-5128
112,368,-5182,325,-5128
112,368,-5200,325,-5128
112,368,-5217,325,-5128
112,368,-5233,325,-5128
112,368,-5248,325,-5128
112,368,-5262,325,-5128
112,368,-5275,325,-5128
113,368,-5287,325,-5128
113,368,-5298,325,-5128
113,368,-5308,325,-5128
113,368,-5317,325,-5128
113,368,-5325,408,-5518
113,368,-5332,408,-5518
114,366,-5338,408,-5518
114,364,-5343,408,-5518
114,361,-5347,408,-5518
114,358,-5350,408,-5518
114,354,-5352,408,-5518
114,350,-5353,408,-5518
114,345,-5353,408,-5518
114,341,-5352,408,-5518
114,338,-5350,408,-5518
114,336,-5347,408,-5518
114,335,-5343,408,-5518
114,335,-5339,408,-5518
114,335,-5334,408,-5518
114,335,-5328,325,-5128
115,335,-5321,325,-5128
115,335,-5313,325,-5128
115,335,-5304,325,-5128
115,335,-5294,325,-5128
115,335,-5283,325,-5128
115,335,-5271,325,-5128
115,335,-5258,325,-5128
115,335,-5244,325,-5128
115,335,-5229,325,-5128
115,335,-5213,325,-5128
115,335,-5196,325,-5128
115,335,-5178,325,-5128
115,335,-5163,325,-5128
115,335,-5182,325,-5128
115,335,-5200,325,-5128
115,335,-5217,325,-5128
115,335,-5233,325,-5128
115,335,-5248,325,-5128
115,335,-5262,325,-5128
115,335,-5275,325,-5128
115,335,-5287,325,-5128
115,335,-5298,325,-5128
115,335,-5308,325,-5128
115,335,-5317,325,-5128
115,335,-5325,325,-5128
115,335,-5332,408,-5518
115,335,-5338,408,-5518
115,335,-5343,408,-5518
115,335,-5347,408,-5518
115,335,-5350,408,-5518
115,335,-5352,408,-5518
115,335,-5353,408,-5518
115,335,-5353,408,-5518
115,335,-5352,408,-5518
115,335,-5350,408,-5518
115,335,-5347,408,-5518
115,335,-5343,408,-5518
115,335,-5339,408,-5518
115,335,-5334,408,-5518
115,335,-5328,325,-5128
115,335,-5321,325,-5128
115,335,-5313,325,-5128
115,335,-5304,325,-5128
115,335,-5294,325,-5128
115,335,-5283,325,-5128
115,335,-5271,325,-5128
115,335,-5258,325,-5128
115,335,-5244,325,-5128
115,335,-5229,325,-5128
115,335,-5213,325,-5128
115,335,-5196,325,-5128
115,335,-5178,325,-5128
115,333,-5163,325,-5128
115,331,-5182,325,-5128
115,329,-5200,325,-5128
115,328,-5217,325,-5128
115,328,-5233,325,-5128
115,328,-5248,325,-5128
115,328,-5262,325,-5128
115,328,-5275,325,-5128
115,328,-5287,325,-5128
115,328,-5298,325,-5128
115,328,-5308,325,-5128
115,328,-5317,325,-5128
115,328,-5325,325,-5128
115,328,-5332,408,-5518
115,328,-5338,408,-5518
115,328,-5343,408,-5518
115,328,-5347,408,-5518
115,328,-5350,408,-5518
115,328,-5352,408,-5518
115,328,-5353,408,-5518
115,328,-5353,408,-5518
115,328,-5352,408,-5518
115,328,-5350,408,-5518
115,328,-5347,408,-5518
115,328,-5343,408,-5518
115,328,-5339,408,-5518
115,328,-5334,408,-5518
115,328,-5328,325,-5128
115,328,-5321,325,-5128
115,328,-5313,325,-5128
115,328,-5304,325,-5128
115,328,-5294,325,-5128
115,328,-5283,325,-5128
115,328,-5271,325,-5128
115,328,-5258,325,-5128
115,328,-5244,325,-5128
115,328,-5229,325,-5128
115,328,-5213,325,-5128
115,328,-5196,325,-5128
115,328,-5178,325,-5128
115,326,-5163,325,-5128
115,324,-5182,325,-5128
115,321,-5200,325,-5128
115,318,-5217,325,-5128
115,314,-5233,325,-5128
115,310,-5248,325,-5128
115,305,-5262,325,-5128
115,300,-5275,325,-5128
115,294,-5287,325,-5128
115,288,-5298,325,-5128
115,281,-5308,325,-5128
115,274,-5317,92,-5327
115,266,-5325,92,-5327
115,258,-5332,92,-5327
115,249,-5338,92,-5327
115,240,-5343,92,-5327
115,230,-5347,92,-5327
115,220,-5350,92,-5327
115,209,-5352,92,-5327
115,198,-5353,92,-5327
115,186,-5353,92,-5327
115,174,-5362,92,-5327
115,161,-5381,92,-5327
115,149,-5399,92,-5327
115,138,-5416,92,-5327
115,128,-5432,92,-5327
115,119,-5447,92,-5327
116,121,-5461,92,-5327
116,124,-5474,42,-5586
116,127,-5486,42,-5586
116,131,-5497,42,-5586
116,135,-5507,42,-5586
117,140,-5516,42,-5586
117,144,-5524,42,-5586
117,147,-5531,42,-5586
117,149,-5537,42,-5586
118,150,-5542,42,-5586
118,150,-5546,42,-5586
118,150,-5549,42,-5586
118,150,-5551,42,-5586
118,150,-5552,42,-5586
118,150,-5552,42,-5586
118,150,-5551,42,-5586
118,150,-5549,42,-5586
118,150,-5546,42,-5586
118,150,-5542,42,-5586
118,150,-5538,42,-5586
118,150,-5533,42,-5586
118,150,-5527,42,-5586
118,150,-5520,42,-5586
119,150,-5512,42,-5586
119,150,-5503,42,-5586
119,150,-5493,42,-5586
119,150,-5482,42,-5586
119,150,-5470,92,-5327
119,150,-5457,92,-5327
119,150,-5443,92,-5327
119,150,-5428,92,-5327
119,150,-5412,92,-5327
119,150,-5395,92,-5327
119,150,-5377,92,-5327
119,150,-5362,92,-5327
119,150,-5381,92,-5327
119,150,-5399,92,-5327
119,150,-5416,92,-5327
119,150,-5432,92,-5327
119,150,-5447,92,-5327
119,150,-5461,92,-5327
119,150,-5474,42,-5586
119,150,-5486,42,-5586
119,150,-5497,42,-5586
119,150,-5507,42,-5586
119,150,-5516,42,-5586
119,150,-5524,42,-5586
119,150,-5531,42,-5586
119,150,-5537,42,-5586
119,150,-5542,42,-5586
119,150,-5546,42,-5586
119,150,-5549,42,-5586
119,150,-5551,42,-5586
119,150,-5552,42,-5586
119,150,-5552,42,-5586
119,150,-5551,42,-5586
119,150,-5549,42,-5586
119,150,-5546,42,-5586
119,150,-5542,42,-5586
119,150,-5538,42,-5586
119,150,-5533,42,-5586
119,150,-5527,42,-5586
119,150,-5520,42,-5586
119,150,-5512,42,-5586
119,150,-5503,42,-5586
119,150,-5493,42,-5586
119,148,-5482,42,-5586
119,146,-5470,92,-5327
119,143,-5457,92,-5327
119,140,-5443,92,-5327
119,136,-5428,92,-5327
119,132,-5412,92,-5327
119,128,-5395,92,-5327
119,125,-5377,92,-5327
119,123,-5362,92,-5327
119,122,-5381,92,-5327
119,122,-5399,92,-5327
119,122,-5416,92,-5327
119,122,-5432,92,-5327
119,122,-5447,92,-5327
119,122,-5461,92,-5327
119,122,-5474,42,-5586
119,122,-5486,42,-5586
119,122,-5497,42,-5586
119,122,-5507,42,-5586
119,122,-5516,42,-5586
119,122,-5524,42,-5586
119,122,-5531,42,-5586
119,122,-5537,42,-5586
119,122,-5542,42,-5586
119,122,-5546,42,-5586
119,122,-5549,42,-5586
119,122,-5551,42,-5586
119,120,-5552,42,-5586
119,118,-5552,42,-5586
119,115,-5551,42,-5586
119,112,-5549,42,-5586
119,108,-5546,42,-5586
119,104,-5542,42,-5586
119,100,-5538,42,-5586
119,97,-5533,42,-5586
119,95,-5527,42,-5586
119,94,-5520,42,-5586
119,94,-5512,42,-5586
119,94,-5503,42,-5586
119,94,-5493,42,-5586
119,94,-5482,42,-5586
119,94,-5470,42,-5586
119,94,-5457,92,-5327
119,94,-5443,92,-5327
119,94,-5428,92,-5327
119,94,-5412,92,-5327
119,94,-5395,92,-5327
119,94,-5377,92,-5327
119,94,-5362,92,-5327
119,94,-5381,92,-5327
119,94,-5399,92,-5327
119,94,-5416,92,-5327
119,94,-5432,92,-5327
119,94,-5447,92,-5327
119,94,-5461,92,-5327
119,94,-5474,42,-5586
119,94,-5486,42,-5586
119,94,-5497,42,-5586
119,94,-5507,42,-5586
119,94,-5516,42,-5586
119,94,-5524,42,-5586
119,94,-5531,42,-5586
119,94,-5537,42,-5586
119,94,-5542,42,-5586
119,94,-5546,42,-5586
119,94,-5549,42,-5586
119,94,-5551,42,-5586
119,94,-5552,42,-5586
119,94,-5552,42,-5586
119,94,-5551,42,-5586
119,94,-5549,42,-5586
119,94,-5546,42,-5586
119,94,-5542,42,-5586
119,94,-5538,42,-5586
119,94,-5533,42,-5586
119,94,-5527,42,-5586
119,94,-5520,42,-5586
119,94,-5512,42,-5586
119,94,-5503,42,-5586
119,94,-5493,42,-5586
119,94,-5482,42,-5586
119,94,-5470,42,-5586
119,94,-5457,92,-5327
119,94,-5443,92,-5327
119,92,-5428,92,-5327
119,90,-5412,92,-5327
119,87,-5395,92,-5327
119,84,-5377,92,-5327
119,80,-5362,92,-5327
119,76,-5381,92,-5327
119,71,-5399,92,-5327
119,66,-5416,92,-5327
119,60,-5432,92,-5327
119,54,-5447,92,-5327
119,47,-5461,42,-5586
119,40,-5474,42,-5586
119,32,-5486,42,-5586
119,24,-5497,42,-5586
119,15,-5507,42,-5586
119,6,-5516,42,-5586
119,571,-5524,408,-5518
119,561,-5531,408,-5518
119,550,-5537,408,-5518
119,539,-5542,408,-5518
119,527,-5546,408,-5518
119,515,-5549,408,-5518
119,502,-5551,408,-5518
119,489,-5552,408,-5518
119,475,-5552,408,-5518
119,461,-5553,386,-5639
119,447,-5572,386,-5639
119,434,-5590,386,-5639
119,422,-5607,386,-5639
119,411,-5623,386,-5639
119,401,-5638,386,-5639
119,392,-5652,386,-5639
120,384,-5665,386,-5639
120,377,-5677,386,-5639
120,371,-5688,386,-5639
120,366,-5698,386,-5639
121,362,-5707,386,-5639
121,359,-5715,386,-5639
121,357,-5722,386,-5639
121,356,-5728,386,-5639
121,356,-5733,386,-5639
122,356,-5737,386,-5639
122,356,-5740,386,-5639
122,356,-5742,386,-5639
122,356,-5743,386,-5639
122,358,-5743,386,-5639
122,361,-5742,386,-5639
122,364,-5740,386,-5639
122,368,-5737,386,-5639
122,372,-5733,386,-5639
122,377,-5729,386,-5639
122,382,-5724,386,-5639
122,388,-5718,386,-5639
122,394,-5711,386,-5639
122,401,-5703,386,-5639
122,408,-5694,386,-5639
122,416,-5684,386,-5639
122,424,-5674,386,-5639
122,433,-5693,386,-5639
122,441,-5711,386,-5639
122,448,-5728,386,-5639
122,454,-5744,386,-5639
122,459,-5759,386,-5639
122,463,-5773,386,-5639
123,466,-5786,386,-5639
123,468,-5798,386,-5639
123,469,-5809,386,-5639
123,469,-5819,386,-5639
123,469,-5828,386,-5639
123,469,-5836,386,-5639
124,469,-5843,386,-5639
124,469,-5849,386,-5639
124,469,-5854,386,-5639
124,467,-5858,386,-5639
124,465,-5861,386,-5639
124,462,-5863,386,-5639
124,460,-5864,386,-5639
124,459,-5864,386,-5639
125,459,-5863,386,-5639
125,459,-5861,386,-5639
125,459,-5858,386,-5639
125,459,-5854,386,-5639
125,459,-5850,386,-5639
125,459,-5845,386,-5639
125,459,-5839,386,-5639
125,459,-5832,386,-5639
125,459,-5824,386,-5639
125,459,-5815,386,-5639
125,459,-5805,386,-5639
125,459,-5794,386,-5639
125,459,-5782,386,-5639
125,459,-5769,386,-5639
125,459,-5755,386,-5639
125,459,-5740,386,-5639
125,459,-5724,386,-5639
125,459,-5707,386,-5639
125,459,-5689,386,-5639
125,459,-5674,386,-5639
125,459,-5693,386,-5639
125,459,-5711,386,-5639
125,459,-5728,386,-5639
125,459,-5744,386,-5639
125,459,-5759,386,-5639
125,459,-5773,386,-5639
125,457,-5786,386,-5639
125,455,-5798,386,-5639
125,452,-5809,386,-5639
125,449,-5819,386,-5639
125,445,-5828,386,-5639
125,441,-5836,386,-5639
125,437,-5843,386,-5639
125,434,-5849,386,-5639
125,432,-5854,386,-5639
125,431,-5858,386,-5639
125,431,-5861,386,-5639
125,431,-5863,386,-5639
125,431,-5864,386,-5639
125,431,-5864,386,-5639
125,431,-5863,386,-5639
125,431,-5861,386,-5639
125,431,-5858,386,-5639
125,431,-5854,386,-5639
125,431,-5850,386,-5639
125,431,-5845,386,-5639
125,431,-5839,386,-5639
125,431,-5832,386,-5639
125,431,-5824,386,-5639
125,431,-5815,386,-5639
125,431,-5805,386,-5639
125,431,-5794,386,-5639
125,431,-5782,386,-5639
125,431,-5769,386,-5639
125,429,-5755,386,-5639
125,427,-5740,386,-5639
125,424,-5724,386,-5639
125,421,-5707,386,-5639
125,417,-5689,386,-5639
125,413,-5674,386,-5639
125,409,-5693,386,-5639
125,406,-5711,386,-5639
125,404,-5728,386,-5639
125,403,-5744,386,-5639
125,403,-5759,386,-5639
125,403,-5773,386,-5639
125,403,-5786,386,-5639
125,403,-5798,386,-5639
125,403,-5809,386,-5639
125,403,-5819,386,-5639
125,403,-5828,386,-5639
125,403,-5836,386,-5639
125,403,-5843,386,-5639
125,403,-5849,386,-5639
125,403,-5854,386,-5639
125,403,-5858,386,-5639
125,403,-5861,386,-5639
125,403,-5863,386,-5639
125,403,-5864,386,-5639
125,403,-5864,386,-5639
125,403,-5863,386,-5639
125,403,-5861,386,-5639
125,403,-5858,386,-5639
125,403,-5854,386,-5639
125,403,-5850,386,-5639
125,403,-5845,386,-5639
125,403,-5839,386,-5639
125,403,-5832,386,-5639
125,403,-5824,386,-5639
125,403,-5815,386,-5639
125,403,-5805,386,-5639
125,403,-5794,386,-5639
125,403,-5782,386,-5639
125,403,-5769,386,-5639
125,403,-5755,386,-5639
125,403,-5740,386,-5639
125,403,-5724,386,-5639
125,403,-5707,386,-5639
125,403,-5689,386,-5639
125,403,-5674,386,-5639
125,403,-5693,386,-5639
125,401,-5711,386,-5639
125,399,-5728,386,-5639
125,396,-5744,386,-5639
125,393,-5759,386,-5639
125,389,-5773,386,-5639
125,385,-5786,386,-5639
125,380,-5798,386,-5639
125,375,-5809,386,-5639
125,369,-5819,386,-5639
125,363,-5828,386,-5639
125,356,-5836,386,-5639
125,349,-5843,386,-5639
125,341,-5849,148,-5895
125,333,-5854,148,-5895
125,324,-5858,148,-5895
125,315,-5861,148,-5895
125,305,-5863,148,-5895
125,295,-5864,148,-5895
125,284,-5864,148,-5895
125,273,-5863,148,-5895
125,261,-5861,148,-5895
125,249,-5858,148,-5895
125,236,-5854,148,-5895
125,223,-5850,148,-5895
125,209,-5845,148,-5895
125,195,-5839,148,-5895
125,180,-5832,148,-5895
125,165,-5824,148,-5895
125,150,-5815,148,-5895
125,136,-5805,148,-5895
125,123,-5794,56,-5757
125,111,-5792,56,-5757
125,100,-5811,56,-5757
125,90,-5829,56,-5757
125,81,-5846,148,-5895
125,73,-5862,148,-5895
125,66,-5877,148,-5895
125,60,-5891,148,-5895
125,55,-5904,148,-5895
125,51,-5916,148,-5895
125,48,-5927,130,-5985
125,46,-5937,130,-5985
126,45,-5946,130,-5985
126,45,-5954,130,-5985
126,45,-5961,130,-5985
126,45,-5967,130,-5985
126,45,-5972,130,-5985
126,47,-5976,130,-5985
127,50,-5979,130,-5985
127,52,-5981,130,-5985
127,53,-5982,130,-5985
127,53,-5982,130,-5985
127,53,-5981,130,-5985
127,53,-5979,130,-5985
127,53,-5976,130,-5985
127,53,-5972,130,-5985
127,53,-5968,130,-5985
127,53,-5963,130,-5985
127,53,-5957,130,-5985
127,53,-5950,130,-5985
127,53,-5942,130,-5985
127,53,-5933,130,-5985
127,53,-5923,130,-5985
127,53,-5912,148,-5895
127,53,-5900,148,-5895
127,53,-5887,148,-5895
127,53,-5873,148,-5895
127,53,-5858,56,-5757
127,53,-5842,56,-5757
127,53,-5825,56,-5757
127,55,-5807,56,-5757
127,58,-5792,56,-5757
127,61,-5811,56,-5757
127,65,-5829,56,-5757
127,69,-5846,56,-5757
127,74,-5862,148,-5895
127,79,-5877,148,-5895
127,85,-5891,148,-5895
127,91,-5904,148,-5895
127,98,-5916,148,-5895
127,105,-5927,148,-5895
127,113,-5937,130,-5985
127,121,-5946,130,-5985
127,130,-5954,130,-5985
127,139,-5961,130,-5985
127,147,-5967,130,-5985
127,154,-5972,130,-5985
127,160,-5976,130,-5985
127,165,-5979,130,-5985
127,169,-5981,130,-5985
127,172,-5982,130,-5985
127,174,-5982,130,-5985
127,175,-6020,130,-5985
127,175,-6039,130,-5985
127,175,-6057,130,-5985
128,175,-6074,130,-5985
128,175,-6090,130,-5985
128,175,-6105,130,-5985
129,175,-6119,254,-6236
129,175,-6132,254,-6236
129,175,-6144,254,-6236
129,175,-6155,254,-6236
130,175,-6165,254,-6236
130,175,-6174,254,-6236
130,175,-6182,254,-6236
130,175,-6189,254,-6236
130,175,-6195,254,-6236
131,175,-6200,254,-6236
131,175,-6204,254,-6236
131,175,-6207,254,-6236
131,175,-6209,254,-6236
131,175,-6210,254,-6236
131,175,-6210,254,-6236
131,175,-6209,254,-6236
131,175,-6207,254,-6236
132,175,-6204,254,-6236
132,175,-6200,254,-6236
132,175,-6196,254,-6236
132,175,-6191,254,-6236
132,175,-6185,254,-6236
132,175,-6178,254,-6236
132,175,-6170,254,-6236
132,175,-6161,254,-6236
132,175,-6151,254,-6236
132,175,-6140,254,-6236
132,177,-6128,254,-6236
132,180,-6115,130,-5985
132,183,-6101,130,-5985
132,187,-6086,130,-5985
132,191,-6070,130,-5985
132,196,-6053,130,-5985
132,201,-6035,130,-5985
132,207,-6020,130,-5985
132,213,-6039,130,-5985
132,220,-6057,130,-5985
132,227,-6074,331,-6104
132,235,-6090,331,-6104
132,243,-6105,331,-6104
132,252,-6119,331,-6104
132,261,-6132,331,-6104
132,271,-6144,331,-6104
132,281,-6155,331,-6104
132,292,-6165,331,-6104
132,303,-6174,331,-6104
132,315,-6182,331,-6104
132,326,-6189,331,-6104
132,336,-6195,331,-6104
132,345,-6200,331,-6104
132,353,-6204,331,-6104
132,360,-6207,331,-6104
132,366,-6209,331,-6104
132,371,-6210,331,-6104
132,375,-6210,331,-6104
132,378,-6209,331,-6104
132,380,-6207,331,-6104
132,381,-6204,331,-6104
132,381,-6200,331,-6104
132,381,-6196,331,-6104
132,379,-6191,331,-6104
132,377,-6185,331,-6104
132,374,-6178,331,-6104
132,371,-6170,331,-6104
132,367,-6161,331,-6104
132,363,-6151,331,-6104
132,358,-6140,331,-6104
132,353,-6139,331,-6104
132,347,-6158,331,-6104
132,342,-6176,331,-6104
132,338,-6193,331,-6104
132,335,-6209,254,-6236
132,333,-6224,254,-6236
132,332,-6238,254,-6236
132,332,-6251,254,-6236
132,332,-6263,254,-6236
132,330,-6274,254,-6236
132,328,-6284,254,-6236
132,325,-6293,254,-6236
133,322,-6301,254,-6236
133,318,-6308,254,-6236
133,314,-6314,254,-6236
133,310,-6319,254,-6236
133,307,-6323,254,-6236
133,305,-6326,254,-6236
134,304,-6328,254,-6236
134,304,-6329,254,-6236
134,304,-6329,254,-6236
134,304,-6328,254,-6236
134,304,-6326,254,-6236
134,304,-6323,254,-6236
134,304,-6319,254,-6236
134,304,-6315,254,-6236
134,304,-6310,254,-6236
134,304,-6304,254,-6236
134,304,-6297,254,-6236
134,304,-6289,254,-6236
134,304,-6280,254,-6236
134,304,-6271,254,-6236
134,304,-6290,254,-6236
134,304,-6308,254,-6236
134,302,-6325,254,-6236
134,300,-6341,254,-6236
134,297,-6356,254,-6236
134,294,-6370,407,-6449
134,290,-6383,407,-6449
135,286,-6395,407,-6449
135,281,-6406,407,-6449
135,276,-6416,407,-6449
135,270,-6425,407,-6449
135,265,-6433,407,-6449
135,261,-6440,407,-6449
136,258,-6446,407,-6449
136,256,-6451,129,-6526
136,255,-6455,129,-6526
136,255,-6458,129,-6526
136,255,-6460,129,-6526
136,255,-6461,129,-6526
136,255,-6461,129,-6526
136,255,-6460,129,-6526
137,255,-6458,129,-6526
137,255,-6455,129,-6526
137,255,-6451,129,-6526
137,255,-6447,129,-6526
137,255,-6442,129,-6526
137,255,-6436,407,-6449
137,255,-6429,407,-6449
137,255,-6421,407,-6449
137,255,-6412,159,-6292
137,255,-6402,159,-6292
137,255,-6391,159,-6292
137,253,-6379,159,-6292
137,251,-6366,159,-6292
137,248,-6352,159,-6292
137,245,-6337,159,-6292
137,241,-6327,159,-6292
137,237,-6346,159,-6292
137,232,-6364,159,-6292
137,228,-6381,159,-6292
137,225,-6397,159,-6292
137,223,-6412,159,-6292
137,222,-6426,129,-6526
137,222,-6439,129,-6526
137,222,-6451,129,-6526
137,222,-6462,129,-6526
137,222,-6472,129,-6526
137,222,-6481,129,-6526
137,222,-6489,129,-6526
137,222,-6496,129,-6526
137,222,-6502,129,-6526
137,222,-6507,129,-6526
137,222,-6511,129,-6526
137,222,-6514,129,-6526
137,222,-6516,129,-6526
138,222,-6517,129,-6526
138,224,-6517,129,-6526
138,227,-6516,129,-6526
138,230,-6514,129,-6526
138,234,-6511,129,-6526
138,238,-6507,129,-6526
138,243,-6503,129,-6526
138,248,-6498,129,-6526
138,252,-6492,129,-6526
138,255,-6485,129,-6526
138,257,-6477,129,-6526
138,258,-6468,129,-6526
138,258,-6458,129,-6526
138,258,-6447,407,-6449
138,258,-6435,407,-6449
138,258,-6422,407,-6449
138,258,-6408,159,-6292
138,258,-6393,159,-6292
138,258,-6377,159,-6292
138,258,-6360,159,-6292
138,258,-6342,254,-6236
138,258,-6327,254,-6236
138,258,-6346,254,-6236
138,256,-6364,159,-6292
138,254,-6381,159,-6292
138,251,-6397,159,-6292
138,248,-6412,159,-6292
138,244,-6426,129,-6526
138,240,-6439,129,-6526
138,235,-6451,129,-6526
138,231,-6462,129,-6526
138,228,-6472,129,-6526
138,226,-6481,129,-6526
138,225,-6489,129,-6526
138,225,-6496,129,-6526
138,225,-6502,129,-6526
138,225,-6507,129,-6526
138,225,-6511,129,-6526
138,225,-6514,129,-6526
138,225,-6516,129,-6526
138,225,-6517,129,-6526
138,225,-6517,129,-6526
138,225,-6516,129,-6526
138,225,-6514,129,-6526
138,225,-6511,129,-6526
138,225,-6507,129,-6526
138,225,-6503,129,-6526
138,225,-6498,129,-6526
138,225,-6492,129,-6526
138,225,-6485,129,-6526
138,225,-6477,129,-6526
138,225,-6468,129,-6526
138,225,-6458,129,-6526
138,225,-6447,129,-6526
138,225,-6435,129,-6526
138,225,-6422,129,-6526
138,225,-6408,159,-6292
138,225,-6393,159,-6292
138,225,-6377,159,-6292
138,227,-6360,159,-6292
138,230,-6342,159,-6292
138,233,-6327,159,-6292
138,237,-6346,159,-6292
138,241,-6364,159,-6292
138,246,-6381,159,-6292
138,251,-6397,159,-6292
138,257,-6412,407,-6449
138,263,-6426,407,-6449
138,270,-6439,407,-6449
138,277,-6451,407,-6449
138,285,-6462,407,-6449
138,293,-6472,407,-6449
138,302,-6481,407,-6449
138,311,-6489,407,-6449
138,321,-6496,407,-6449
138,331,-6502,407,-6449
138,342,-6507,407,-6449
138,353,-6511,407,-6449
138,365,-6514,407,-6449
138,377,-6516,407,-6449
138,390,-6517,407,-6449
138,402,-6517,407,-6449
138,413,-6516,407,-6449
138,423,-6514,407,-6449
138,432,-6511,407,-6449
138,440,-6507,407,-6449
138,447,-6503,407,-6449
138,453,-6498,407,-6449
138,458,-6492,407,-6449
138,462,-6485,407,-6449
138,465,-6484,407,-6449
138,467,-6503,407,-6449
138,468,-6521,407,-6449
138,468,-6538,407,-6449
138,468,-6554,407,-6449
138,466,-6569,407,-6449
138,464,-6583,407,-6449
138,461,-6596,407,-6449
139,458,-6608,407,-6449
139,454,-6619,407,-6449
139,450,-6629,407,-6449
139,445,-6638,407,-6449
139,440,-6646,407,-6449
140,434,-6653,407,-6449
140,429,-6659,407,-6449
140,425,-6664,221,-6731
140,422,-6668,221,-6731
140,420,-6671,221,-6731
140,419,-6673,221,-6731
141,419,-6674,221,-6731
141,419,-6674,221,-6731
141,419,-6673,221,-6731
141,419,-6671,221,-6731
141,419,-6668,221,-6731
141,419,-6664,221,-6731
141,419,-6660,221,-6731
141,419,-6655,407,-6449
141,419,-6649,407,-6449
141,419,-6642,407,-6449
141,419,-6634,407,-6449
141,419,-6625,407,-6449
141,419,-6615,407,-6449
141,419,-6604,407,-6449
141,419,-6592,407,-6449
141,419,-6579,407,-6449
141,419,-6565,407,-6449
141,419,-6550,407,-6449
141,419,-6534,407,-6449
141,419,-6517,407,-6449
141,419,-6499,407,-6449
141,417,-6484,407,-6449
141,415,-6503,407,-6449
141,412,-6521,407,-6449
141,409,-6538,407,-6449
141,405,-6554,407,-6449
141,401,-6569,407,-6449
141,396,-6583,407,-6449
141,391,-6596,407,-6449
141,385,-6608,407,-6449
141,379,-6619,407,-6449
141,372,-6629,221,-6731
141,365,-6638,221,-6731
141,357,-6646,221,-6731
141,349,-6653,221,-6731
141,340,-6659,221,-6731
141,331,-6664,221,-6731
141,321,-6668,221,-6731
141,311,-6671,221,-6731
141,300,-6673,221,-6731
141,289,-6674,221,-6731
141,277,-6674,221,-6731
141,266,-6673,221,-6731
141,256,-6671,221,-6731
141,247,-6668,221,-6731
141,239,-6664,221,-6731
141,232,-6660,221,-6731
141,226,-6655,221,-6731
141,221,-6649,221,-6731
141,217,-6642,221,-6731
141,214,-6634,221,-6731
141,212,-6625,221,-6731
141,211,-6615,221,-6731
141,211,-6604,129,-6526
141,211,-6592,129,-6526
141,211,-6579,129,-6526
141,211,-6565,129,-6526
141,211,-6561,129,-6526
141,211,-6580,129,-6526
141,211,-6598,129,-6526
141,211,-6615,221,-6731
141,211,-6631,221,-6731
141,211,-6646,221,-6731
141,211,-6660,221,-6731
141,211,-6673,221,-6731
141,211,-6685,221,-6731
141,211,-6696,221,-6731
141,211,-6706,221,-6731
141,211,-6715,221,-6731
141,211,-6723,221,-6731
141,211,-6730,221,-6731
142,211,-6736,221,-6731
142,211,-6741,221,-6731
142,211,-6745,221,-6731
142,211,-6748,221,-6731
142,211,-6750,221,-6731
142,211,-6751,221,-6731
142,211,-6751,221,-6731
142,211,-6766,203,-6785
142,211,-6785,203,-6785
143,211,-6803,203,-6785
143,211,-6820,203,-6785
143,211,-6836,228,-6876
143,211,-6851,228,-6876
143,211,-6865,228,-6876
144,211,-6878,228,-6876
144,211,-6890,228,-6876
144,211,-6901,228,-6876
145,211,-6911,228,-6876
145,211,-6920,228,-6876
145,211,-6928,228,-6876
145,211,-6935,228,-6876
145,211,-6941,228,-6876
146,213,-6946,228,-6876
146,216,-6950,228,-6876
146,219,-6953,228,-6876
146,223,-6955,228,-6876
146,227,-6956,228,-6876
146,232,-6956,228,-6876
146,237,-6955,228,-6876
146,241,-6953,228,-6876
146,244,-6950,228,-6876
146,246,-6946,228,-6876
147,247,-6942,228,-6876
147,247,-6937,228,-6876
147,247,-6931,228,-6876
147,247,-6924,228,-6876
147,247,-6916,228,-6876
147,247,-6911,228,-6876
147,247,-6930,228,-6876
147,247,-6948,228,-6876
147,247,-6965,278,-7035
147,247,-6981,278,-7035
147,247,-6996,278,-7035
147,247,-7010,278,-7035
147,247,-7023,278,-7035
147,247,-7035,278,-7035
147,247,-7046,278,-7035
148,247,-7056,278,-7035
148,247,-7065,278,-7035
148,247,-7073,278,-7035
148,247,-7080,278,-7035
148,247,-7086,278,-7035
149,249,-7091,278,-7035
149,252,-7095,278,-7035
149,255,-7098,278,-7035
149,259,-7100,278,-7035
149,263,-7101,278,-7035
149,268,-7101,278,-7035
149,273,-7100,278,-7035
149,279,-7098,278,-7035
149,285,-7095,278,-7035
149,290,-7091,278,-7035
149,294,-7087,278,-7035
149,297,-7082,278,-7035
149,299,-7076,278,-7035
149,300,-7070,278,-7035
149,300,-7089,278,-7035
149,300,-7107,278,-7035
150,300,-7124,278,-7035
150,300,-7140,230,-7217
150,300,-7155,230,-7217
150,300,-7169,230,-7217
150,300,-7182,230,-7217
150,300,-7194,230,-7217
151,300,-7205,230,-7217
151,300,-7215,230,-7217
151,300,-7224,230,-7217
151,300,-7232,230,-7217
151,300,-7239,230,-7217
152,300,-7245,230,-7217
152,300,-7250,230,-7217
152,300,-7254,230,-7217
152,300,-7257,230,-7217
152,300,-7259,230,-7217
152,300,-7260,230,-7217
152,300,-7260,230,-7217
152,300,-7259,230,-7217
152,300,-7257,230,-7217
153,300,-7254,230,-7217
153,300,-7252,230,-7217
153,300,-7271,230,-7217
153,300,-7289,202,-7274
153,300,-7306,202,-7274
153,300,-7322,337,-7406
153,300,-7337,337,-7406
153,300,-7351,337,-7406
154,300,-7364,337,-7406
154,300,-7376,337,-7406
154,300,-7387,337,-7406
154,298,-7397,337,-7406
155,296,-7406,337,-7406
155,293,-7414,337,-7406
155,290,-7421,337,-7406
155,286,-7427,337,-7406
155,283,-7432,337,-7406
156,281,-7436,337,-7406
156,280,-7439,337,-7406
156,280,-7441,337,-7406
156,280,-7442,337,-7406
156,280,-7442,337,-7406
156,280,-7441,337,-7406
156,280,-7439,337,-7406
156,280,-7436,337,-7406
156,280,-7432,337,-7406
156,280,-7428,337,-7406
156,280,-7423,337,-7406
156,280,-7417,337,-7406
156,280,-7410,337,-7406
156,280,-7402,337,-7406
156,280,-7393,337,-7406
156,280,-7383,337,-7406
156,282,-7372,337,-7406
156,285,-7360,337,-7406
156,288,-7347,337,-7406
156,292,-7333,337,-7406
156,296,-7318,337,-7406
156,301,-7309,337,-7406
156,306,-7328,337,-7406
156,312,-7346,337,-7406
156,318,-7363,337,-7406
156,325,-7379,337,-7406
156,332,-7394,337,-7406
156,338,-7408,337,-7406
156,343,-7421,337,-7406
156,347,-7433,337,-7406
156,350,-7444,377,-7471
156,352,-7454,377,-7471
156,353,-7463,377,-7471
156,353,-7471,377,-7471
157,353,-7478,377,-7471
157,353,-7484,377,-7471
157,353,-7489,377,-7471
157,353,-7493,377,-7471
157,353,-7496,377,-7471
157,353,-7498,377,-7471
157,353,-7499,377,-7471
157,353,-7499,377,-7471
157,353,-7506,377,-7471
157,353,-7525,377,-7471
157,353,-7543,377,-7471
158,353,-7560,377,-7471
158,355,-7576,448,-7575
158,358,-7591,448,-7575
158,361,-7605,439,-7643
159,365,-7618,439,-7643
159,369,-7630,439,-7643
159,374,-7641,439,-7643
159,379,-7651,439,-7643
160,385,-7660,439,-7643
160,390,-7668,439,-7643
160,394,-7675,439,-7643
160,397,-7681,439,-7643
160,399,-7686,439,-7643
161,400,-7690,439,-7643
161,400,-7693,439,-7643
161,400,-7695,439,-7643
161,400,-7696,439,-7643
161,400,-7696,439,-7643
161,400,-7695,439,-7643
161,400,-7693,439,-7643
161,400,-7690,439,-7643
161,400,-7686,439,-7643
161,400,-7682,439,-7643
161,400,-7677,439,-7643
161,400,-7671,439,-7643
161,400,-7664,439,-7643
161,400,-7656,439,-7643
161,400,-7647,439,-7643
161,402,-7637,439,-7643
161,405,-7626,439,-7643
161,408,-7614,439,-7643
161,412,-7601,448,-7575
161,416,-7587,448,-7575
161,421,-7572,448,-7575
161,426,-7556,448,-7575
161,432,-7539,448,-7575
161,437,-7521,448,-7575
161,441,-7506,448,-7575
161,444,-7525,448,-7575
161,446,-7543,448,-7575
161,447,-7560,448,-7575
161,447,-7576,448,-7575
161,447,-7591,448,-7575
161,447,-7605,448,-7575
161,447,-7618,439,-7643
161,447,-7630,439,-7643
161,447,-7641,439,-7643
161,447,-7651,439,-7643
161,447,-7660,439,-7643
161,447,-7668,439,-7643
161,447,-7675,439,-7643
161,447,-7681,439,-7643
161,447,-7686,439,-7643
161,447,-7690,439,-7643
161,447,-7693,439,-7643
161,447,-7695,439,-7643
161,447,-7696,439,-7643
161,447,-7696,439,-7643
161,447,-7695,439,-7643
161,447,-7693,439,-7643
161,447,-7690,439,-7643
161,447,-7686,439,-7643
161,447,-7682,439,-7643
161,447,-7678,439,-7643
161,447,-7697,439,-7643
161,447,-7715,439,-7643
161,447,-7732,380,-7769
162,447,-7748,380,-7769
162,447,-7763,380,-7769
162,447,-7777,380,-7769
162,447,-7790,380,-7769
162,447,-7802,380,-7769
163,447,-7813,380,-7769
163,445,-7823,380,-7769
163,443,-7832,380,-7769
163,440,-7840,380,-7769
164,437,-7847,380,-7769
164,433,-7853,380,-7769
164,429,-7858,380,-7769
164,424,-7862,380,-7769
164,419,-7865,380,-7769
164,413,-7867,380,-7769
164,407,-7868,380,-7769
165,401,-7868,380,-7769
165,396,-7867,380,-7769
165,392,-7865,380,-7769
165,389,-7862,380,-7769
165,387,-7858,380,-7769
165,386,-7854,380,-7769
165,386,-7849,380,-7769
165,386,-7843,380,-7769
165,386,-7836,380,-7769
165,386,-7828,380,-7769
165,386,-7819,380,-7769
165,386,-7809,380,-7769
165,386,-7804,380,-7769
165,386,-7823,380,-7769
165,386,-7841,380,-7769
165,386,-7858,380,-7769
165,386,-7874,380,-7769
165,386,-7889,380,-7769
165,386,-7903,380,-7769
165,386,-7916,380,-7769
165,386,-7928,380,-7769
165,386,-7939,380,-7769
166,386,-7949,380,-7769
166,386,-7958,380,-7769
166,386,-7966,380,-7769
166,386,-7973,449,-8156
166,386,-7979,449,-8156
166,386,-7984,449,-8156
167,386,-7988,449,-8156
167,386,-7991,449,-8156
167,386,-7993,449,-8156
167,386,-7994,449,-8156
167,386,-7994,449,-8156
167,386,-7993,449,-8156
167,386,-7991,449,-8156
167,386,-7988,449,-8156
167,386,-7984,449,-8156
167,386,-7980,449,-8156
167,386,-7975,449,-8156
167,386,-7969,449,-8156
167,386,-7962,380,-7769
167,386,-7954,380,-7769
167,386,-7945,380,-7769
167,386,-7935,380,-7769
167,386,-7924,380,-7769
167,386,-7912,380,-7769
167,386,-7899,380,-7769
167,386,-7885,380,-7769
167,386,-7870,380,-7769
167,386,-7854,380,-7769
167,386,-7837,380,-7769
167,386,-7819,380,-7769
167,386,-7804,380,-7769
167,386,-7823,380,-7769
167,386,-7841,380,-7769
167,386,-7858,380,-7769
167,384,-7874,380,-7769
167,382,-7889,380,-7769
167,379,-7903,380,-7769
167,376,-7916,380,-7769
167,372,-7928,380,-7769
167,368,-7939,380,-7769
167,363,-7949,380,-7769
167,358,-7958,380,-7769
167,352,-7966,380,-7769
167,346,-7973,380,-7769
167,339,-7979,449,-8156
167,332,-7984,129,-7963
167,324,-7988,129,-7963
167,316,-7991,129,-7963
167,307,-7993,129,-7963
167,298,-7994,129,-7963
167,288,-7994,129,-7963
167,278,-7993,129,-7963
167,267,-7991,129,-7963
167,256,-7988,129,-7963
167,244,-7984,129,-7963
167,232,-7980,129,-7963
167,219,-7998,449,-8156
167,206,-8017,449,-8156
167,193,-8035,449,-8156
168,181,-8052,449,-8156
168,170,-8068,449,-8156
168,160,-8083,449,-8156
168,151,-8097,449,-8156
168,143,-8110,193,-8413
169,136,-8122,193,-8413
169,130,-8133,193,-8413
169,125,-8143,193,-8413
169,121,-8152,193,-8413
170,118,-8160,193,-8413
170,116,-8167,193,-8413
170,118,-8173,193,-8413
170,121,-8178,193,-8413
170,124,-8182,193,-8413
171,128,-8185,193,-8413
171,132,-8187,193,-8413
171,137,-8188,193,-8413
171,142,-8188,193,-8413
171,148,-8187,193,-8413
171,154,-8185,193,-8413
171,161,-8182,193,-8413
171,168,-8178,193,-8413
171,176,-8174,193,-8413
171,184,-8169,193,-8413
171,193,-8163,193,-8413
171,202,-8156,449,-8156
171,212,-8148,449,-8156
171,222,-8139,449,-8156
171,233,-8129,449,-8156
171,244,-8118,449,-8156
171,256,-8106,449,-8156
171,268,-8093,449,-8156
171,281,-8079,449,-8156
171,294,-8064,449,-8156
171,308,-8048,449,-8156
171,322,-8031,449,-8156
171,337,-8013,449,-8156
171,352,-7994,449,-8156
171,368,-7974,449,-8156
171,384,-7953,449,-8156
171,401,-7931,449,-8156
171,418,-7908,449,-8156
171,436,-7884,449,-8156
171,454,-7859,449,-8156
171,473,-7833,449,-8156
171,492,-7806,449,-8156
171,512,-7778,449,-8156
171,532,-7749,449,-8156
171,551,-7719,449,-8156
171,569,-7688,449,-8156
171,11,-7656,449,-8156
171,27,-7623,449,-8156
171,42,-7589,449,-8156
171,56,-7554,449,-8156
171,69,-7518,449,-8156
171,81,-7481,449,-8156
171,92,-7443,449,-8156
171,102,-7404,449,-8156
171,111,-7364,449,-8156
171,119,-7323,449,-8156
171,126,-7281,449,-8156
171,132,-7238,449,-8156
171,137,-7194,449,-8156
171,141,-7149,449,-8156
171,144,-7103,449,-8156
171,146,-7056,449,-8156
171,147,-7008,449,-8156
171,147,-6959,449,-8156
171,147,-6959,449,-8156
171,147,-6959,449,-8156
171,147,-6959,449,-8156
171,147,-6959,449,-8156
171,147,-6959,449,-8156
171,147,-6959,449,-8156
171,147,-6959,449,-8156
171,147,-6959,449,-8156
171,147,-6959,449,-8156
171,147,-6959,449,-8156
171,147,-6959,449,-8156
171,147,-6959,449,-8156
171,147,-6959,449,-8156
171,147,-6959,449,-8156
171,147,-6959,449,-8156
171,147,-6959,449,-8156
171,147,-6959,449,-8156
171,147,-6959,449,-8156
171,147,-6959,449,-8156
171,147,-6959,449,-8156
171,147,-6959,449,-8156
171,147,-6959,449,-8156
171,147,-6959,449,-8156
171,147,-6959,449,-8156
171,147,-6959,449,-8156
171,147,-6959,449,-8156
171,147,-6959,449,-8156
171,147,-6959,449,-8156
171,147,-6959,449,-8156
171,147,-6959,449,-8156
171,147,-6959,449,-8156
171,147,-6959,449,-8156
171,147,-6959,449,-8156
171,147,-6959,449,-8156
171,147,-6959,449,-8156
171,147,-6959,449,-8156
171,147,-6959,449,-8156
171,147,-6959,449,-8156
171,147,-6959,449,-8156
171,147,-6959,449,-8156
171,147,-6959,449,-8156
171,147,-6959,449,-8156
171,147,-6959,449,-8156
171,147,-6959,449,-8156
171,147,-6959,449,-8156
171,147,-6959,449,-8156
171,147,-6959,449,-8156
171,147,-6959,449,-8156
171,147,-6959,449,-8156
171,147,-6959,449,-8156
171,147,-6959,449,-8156
171,147,-6959,449,-8156
171,147,-6959,449,-8156
171,147,-6959,449,-8156
171,147,-6959,449,-8156
171,147,-6959,449,-8156
171,147,-6959,449,-8156
171,147,-6959,449,-8156
171,147,-6959,449,-8156
171,147,-6959,449,-8156
171,147,-6959,449,-8156
171,147,-6959,449,-8156
171,147,-6959,449,-8156
171,147,-6959,449,-8156
171,147,-6959,449,-8156
171,147,-6959,449,-8156
171,147,-6959,449,-8156
171,147,-6959,449,-8156
171,147,-6959,449,-8156
171,147,-6959,449,-8156
171,147,-6959,449,-8156
171,147,-6959,449,-8156
171,147,-6959,449,-8156
171,147,-6959,449,-8156
171,147,-6959,449,-8156
171,147,-6959,449,-8156
171,147,-6959,449,-8156
171,147,-6959,449,-8156
171,147,-6959,449,-8156
171,147,-6959,449,-8156
171,147,-6959,449,-8156
171,147,-6959,449,-8156
171,147,-6959,449,-8156
171,147,-6959,449,-8156
171,147,-6959,449,-8156
171,147,-6959,449,-8156
171,147,-6959,449,-8156
171,147,-6959,449,-8156
171,147,-6959,449,-8156
171,147,-6959,449,-8156
171,147,-6959,449,-8156
171,147,-6959,449,-8156
171,147,-6959,449,-8156
171,147,-6959,449,-8156
171,147,-6959,449,-8156
171,147,-6959,449,-8156
171,147,-6959,449,-8156
171,147,-6959,449,-8156
171,147,-6959,449,-8156
171,147,-6959,449,-8156
171,147,-6959,449,-8156
171,147,-6959,449,-8156
171,147,-6959,449,-8156
171,147,-6959,449,-8156
171,147,-6959,449,-8156
171,147,-6959,449,-8156
171,147,-6959,449,-8156
171,147,-6959,449,-8156
171,147,-6959,449,-8156
171,147,-6959,449,-8156
171,147,-6959,449,-8156
171,147,-6959,449,-8156
171,147,-6959,449,-8156
171,147,-6959,449,-8156
171,147,-6959,449,-8156
171,147,-6959,449,-8156
171,147,-6959,449,-8156
171,147,-6959,449,-8156
171,147,-6959,449,-8156
171,147,-6959,449,-8156
171,147,-6959,449,-8156
171,147,-6959,449,-8156
171,147,-6959,449,-8156
171,147,-6959,449,-8156
171,147,-6959,449,-8156
171,147,-6959,449,-8156
171,147,-6959,449,-8156
171,147,-6959,449,-8156
171,147,-6959,449,-8156
171,147,-6959,449,-8156
171,147,-6959,449,-8156
171,147,-6959,449,-8156
171,147,-6959,449,-8156
171,147,-6959,449,-8156
171,147,-6959,449,-8156
171,147,-6959,449,-8156
171,147,-6959,449,-8156
171,147,-6959,449,-8156
171,147,-6959,449,-8156
171,147,-6959,449,-8156
171,147,-6959,449,-8156
171,147,-6959,449,-8156
171,147,-6959,449,-8156
171,147,-6959,449,-8156
171,147,-6959,449,-8156
171,147,-6959,449,-8156
171,147,-6959,449,-8156
171,147,-6959,449,-8156
171,147,-6959,449,-8156
171,147,-6959,449,-8156
171,147,-6959,449,-8156
171,147,-6959,449,-8156
171,147,-6959,449,-8156
171,147,-6959,449,-8156
171,147,-6959,449,-8156
171,147,-6959,449,-8156
171,147,-6959,449,-8156
171,147,-6959,449,-8156
171,147,-6959,449,-8156
171,147,-6959,449,-8156
171,147,-6959,449,-8156
171,147,-6959,449,-8156
171,147,-6959,449,-8156
171,147,-6959,449,-8156
171,147,-6959,449,-8156
171,147,-6959,449,-8156
171,147,-6959,449,-8156
171,147,-6959,449,-8156
171,147,-6959,449,-8156
171,147,-6959,449,-8156
171,147,-6959,449,-8156
171,147,-6959,449,-8156
171,147,-6959,449,-8156
171,147,-6959,449,-8156
171,147,-6959,449,-8156
171,147,-6959,449,-8156
171,147,-6959,449,-8156
171,147,-6959,449,-8156
171,147,-6959,449,-8156
171,147,-6959,449,-8156
171,147,-6959,449,-8156
171,147,-6959,449,-8156
171,147,-6959,449,-8156
171,147,-6959,449,-8156
171,147,-6959,449,-8156
171,147,-6959,449,-8156
171,147,-6959,449,-8156
171,147,-6959,449,-8156
171,147,-6959,449,-8156
171,147,-6959,449,-8156
