x,y,w,h,initial_bonus,breakable
250.0,566.6666666666667,100,10,False,False
291.0,482.66666666666674,100,10,False,False
253.0,402.66666666666674,100,10,False,False
403.0,255.66666666666674,100,10,False,False
14.0,81.66666666666674,100,10,False,False
390.0,-123.33333333333326,100,10,True,False
136.0,-287.33333333333326,100,10,False,False
461.0,-363.33333333333326,100,10,False,True
13.0,-418.33333333333326,100,10,False,False
480.0,-470.33333333333326,100,10,False,False
496.0,-575.3333333333333,100,10,False,False
270.0,-632.3333333333333,100,10,False,False
480.0,-794.3333333333333,100,10,False,False
176.0,-903.3333333333333,100,10,False,False
389.0,-1009.3333333333333,100,10,False,False
213.0,-1064.3333333333333,100,10,False,False
95.0,-1139.3333333333333,100,10,False,False
61.0,-1264.3333333333333,100,10,False,False
479.0,-1442.3333333333333,100,10,False,False
155.0,-1540.3333333333333,100,10,False,False
433.0,-1717.3333333333333,100,10,False,False
436.0,-1917.3333333333333,100,10,True,False
380.0,-2029.3333333333333,100,10,False,False
187.0,-2123.333333333333,100,10,False,False
44.0,-2268.333333333333,100,10,False,False
55.0,-2448.333333333333,100,10,False,False
189.0,-2598.333333333333,100,10,False,False
240.0,-2655.333333333333,100,10,True,False
303.0,-2862.333333333333,100,10,False,False
86.0,-2955.333333333333,100,10,False,False
394.0,-3008.333333333333,100,10,False,False
118.0,-3198.333333333333,100,10,False,False
487.0,-3336.333333333333,100,10,False,False
465.0,-3503.333333333333,100,10,False,False
311.0,-3693.333333333333,100,10,True,False
414.0,-3874.333333333333,100,10,False,False
105.0,-4067.333333333333,100,10,False,True
445.0,-4240.333333333333,100,10,False,False
102.0,-4431.333333333333,100,10,False,False
416.0,-4605.333333333333,100,10,False,False
0.0,-4743.333333333333,100,10,False,False
402.0,-4952.333333333333,100,10,False,False
307.0,-5119.333333333333,100,10,True,False
325.0,-5227.333333333333,100,10,False,False
92.0,-5426.333333333333,100,10,False,False
408.0,-5617.333333333333,100,10,False,True
42.0,-5685.333333333333,100,10,True,False
386.0,-5738.333333333333,100,10,False,False
56.0,-5856.333333333333,100,10,False,False
148.0,-5994.333333333333,100,10,False,False
130.0,-6084.333333333333,100,10,False,False
331.0,-6203.333333333333,100,10,False,False
254.0,-6335.333333333333,100,10,False,False
159.0,-6391.333333333333,100,10,False,False
407.0,-6548.333333333333,100,10,False,False
129.0,-6625.333333333333,100,10,False,False
221.0,-6830.333333333333,100,10,True,False
203.0,-6884.333333333333,100,10,False,True
228.0,-6975.333333333333,100,10,False,False
278.0,-7134.333333333333,100,10,False,False
230.0,-7316.333333333333,100,10,False,False
202.0,-7373.333333333333,100,10,False,False
337.0,-7505.333333333333,100,10,False,False
377.0,-7570.333333333333,100,10,False,False
448.0,-7674.333333333333,100,10,True,False
439.0,-7742.333333333333,100,10,False,False
380.0,-7868.333333333333,100,10,False,False
129.0,-8062.333333333333,100,10,False,True
449.0,-8255.333333333332,100,10,True,False
492.0,-8360.333333333332,100,10,False,False
423.0,-8453.333333333332,100,10,False,False
193.0,-8512.333333333332,100,10,False,False
105.0,-8587.333333333332,100,10,False,False
302.0,-8747.333333333332,100,10,False,False
480.0,-8823.333333333332,100,10,False,False
258.0,-8948.333333333332,100,10,False,True
313.0,-9081.333333333332,100,10,False,False
80.0,-9135.333333333332,100,10,False,False
400.0,-9329.333333333332,100,10,False,False
109.0,-9488.333333333332,100,10,False,False
428.0,-9562.333333333332,100,10,False,False
468.0,-9700.333333333332,100,10,False,False
393.0,-9874.333333333332,100,10,False,False
371.0,-9940.333333333332,100,10,True,False
86.0,-10024.333333333332,100,10,False,False
137.0,-10128.333333333332,100,10,False,False
430.0,-10307.333333333332,100,10,False,False
174.0,-10443.333333333332,100,10,False,False
444.0,-10553.333333333332,100,10,False,False
69.0,-10728.333333333332,100,10,False,False
164.0,-10804.333333333332,100,10,True,False
194.0,-10872.333333333332,100,10,False,False
58.0,-11009.333333333332,100,10,False,False
39.0,-11155.333333333332,100,10,False,False
289.0,-11262.333333333332,100,10,False,False
456.0,-11405.333333333332,100,10,False,False
473.0,-11591.333333333332,100,10,False,False
55.0,-11711.333333333332,100,10,True,False
314.0,-11764.333333333332,100,10,False,True
211.0,-11837.333333333332,100,10,False,False
96.0,-11897.333333333332,100,10,False,False
215.0,-12097.333333333332,100,10,False,False
85.0,-12262.333333333332,100,10,False,False
380.0,-12352.333333333332,100,10,False,False
412.0,-12498.333333333332,100,10,False,False
129.0,-12688.333333333332,100,10,False,False
106.0,-12763.333333333332,100,10,False,False
13.0,-12823.333333333332,100,10,True,False
371.0,-12948.333333333332,100,10,False,False
200.0,-13113.333333333332,100,10,False,False
32.0,-13179.333333333332,100,10,False,False
57.0,-13345.333333333332,100,10,False,False
398.0,-13553.333333333332,100,10,False,False
338.0,-13723.333333333332,100,10,False,False
277.0,-13819.333333333332,100,10,False,False
126.0,-13919.333333333332,100,10,False,False
45.0,-14040.333333333332,100,10,False,False
329.0,-14237.333333333332,100,10,False,False
494.0,-14386.333333333332,100,10,False,True
95.0,-14519.333333333332,100,10,False,False
457.0,-14717.333333333332,100,10,False,False
51.0,-14852.333333333332,100,10,False,False
413.0,-15050.333333333332,100,10,False,False
112.0,-15162.333333333332,100,10,True,False
205.0,-15274.333333333332,100,10,False,False
444.0,-15465.333333333332,100,10,False,False
11.0,-15534.333333333332,100,10,False,True
384.0,-15658.333333333332,100,10,False,False
441.0,-15828.333333333332,100,10,False,False
398.0,-16006.333333333332,100,10,False,False
486.0,-16186.333333333332,100,10,False,False
397.0,-16281.333333333332,100,10,False,False
156.0,-16412.333333333332,100,10,False,False
427.0,-16593.333333333332,100,10,False,False
457.0,-16675.333333333332,100,10,False,False
466.0,-16864.333333333332,100,10,True,False
420.0,-16994.333333333332,100,10,False,False
430.0,-17185.333333333332,100,10,False,False
221.0,-17311.333333333332,100,10,False,False
365.0,-17373.333333333332,100,10,False,False
398.0,-17487.333333333332,100,10,False,False
413.0,-17651.333333333332,100,10,False,False
277.0,-17765.333333333332,100,10,False,False
5.0,-17931.333333333332,100,10,False,False
132.0,-18024.333333333332,100,10,False,True
499.0,-18180.333333333332,100,10,False,True
354.0,-18245.333333333332,100,10,False,False
303.0,-18330.333333333332,100,10,False,False
424.0,-18446.333333333332,100,10,False,False
205.0,-18640.333333333332,100,10,False,False
119.0,-18712.333333333332,100,10,False,True
270.0,-18807.333333333332,100,10,False,False
476.0,-18969.333333333332,100,10,False,False
122.0,-19076.333333333332,100,10,False,False
489.0,-19248.333333333332,100,10,False,False
172.0,-19403.333333333332,100,10,False,False
497.0,-19523.333333333332,100,10,False,False
471.0,-19585.333333333332,100,10,False,False
330.0,-19765.333333333332,100,10,False,False
392.0,-19945.333333333332,100,10,False,False
354.0,-20071.333333333332,100,10,False,False
84.0,-20216.333333333332,100,10,False,False
438.0,-20287.333333333332,100,10,False,False
292.0,-20468.333333333332,100,10,False,False
128.0,-20557.333333333332,100,10,False,False
368.0,-20752.333333333332,100,10,True,False
367.0,-20902.333333333332,100,10,False,False
263.0,-21050.333333333332,100,10,False,False
268.0,-21110.333333333332,100,10,False,False
321.0,-21225.333333333332,100,10,False,False
491.0,-21296.333333333332,100,10,False,False
431.0,-21503.333333333332,100,10,False,False
227.0,-21573.333333333332,100,10,False,False
203.0,-21733.333333333332,100,10,False,False
64.0,-21895.333333333332,100,10,False,False
61.0,-21999.333333333332,100,10,False,False
209.0,-22185.333333333332,100,10,False,False
142.0,-22310.333333333332,100,10,False,False
2.0,-22503.333333333332,100,10,False,False
296.0,-22665.333333333332,100,10,True,True
498.0,-22875.333333333332,100,10,False,False
105.0,-22991.333333333332,100,10,False,False
277.0,-23078.333333333332,100,10,False,False
299.0,-23207.333333333332,100,10,False,False
405.0,-23371.333333333332,100,10,False,False
251.0,-23512.333333333332,100,10,False,False
292.0,-23615.333333333332,100,10,False,False
415.0,-23737.333333333332,100,10,False,False
60.0,-23793.333333333332,100,10,False,False
279.0,-23846.333333333332,100,10,False,False
38.0,-23930.333333333332,100,10,False,False
412.0,-24126.333333333332,100,10,False,False
346.0,-24304.333333333332,100,10,False,False
165.0,-24489.333333333332,100,10,True,False
367.0,-24652.333333333332,100,10,False,False
276.0,-24780.333333333332,100,10,False,False
252.0,-24976.333333333332,100,10,False,False
195.0,-25122.333333333332,100,10,False,False
142.0,-25172.333333333332,100,10,False,False
101.0,-25352.333333333332,100,10,False,False
209.0,-25534.333333333332,100,10,False,False
230.0,-25627.333333333332,100,10,False,False
101.0,-25812.333333333332,100,10,False,False
347.0,-25862.333333333332,100,10,False,False
496.0,-26021.333333333332,100,10,False,False
299.0,-26230.333333333332,100,10,False,False
327.0,-26343.333333333332,100,10,False,False
208.0,-26398.333333333332,100,10,False,False
400.0,-26549.333333333332,100,10,False,False
417.0,-26617.333333333332,100,10,False,True
467.0,-26756.333333333332,100,10,False,False
447.0,-26911.333333333332,100,10,False,False
77.0,-27038.333333333332,100,10,False,False
86.0,-27212.333333333332,100,10,False,False
138.0,-27273.333333333332,100,10,False,False
216.0,-27474.333333333332,100,10,False,False
336.0,-27541.333333333332,100,10,False,True
259.0,-27633.333333333332,100,10,False,False
205.0,-27706.333333333332,100,10,False,False
309.0,-27826.333333333332,100,10,False,False
106.0,-28011.333333333332,100,10,False,False
35.0,-28129.333333333332,100,10,False,False
337.0,-28312.333333333332,100,10,False,False
285.0,-28492.333333333332,100,10,True,False
334.0,-28618.333333333332,100,10,False,False
312.0,-28759.333333333332,100,10,False,False
204.0,-28952.333333333332,100,10,False,False
443.0,-29068.333333333332,100,10,False,False
132.0,-29174.333333333332,100,10,False,False
432.0,-29286.333333333332,100,10,False,True
206.0,-29495.333333333332,100,10,False,False
402.0,-29608.333333333332,100,10,False,False
320.0,-29676.333333333332,100,10,False,False
297.0,-29839.333333333332,100,10,False,False
235.0,-29956.333333333332,100,10,False,False
398.0,-30041.333333333332,100,10,False,False
184.0,-30203.333333333332,100,10,False,False
123.0,-30355.333333333332,100,10,False,False
367.0,-30457.333333333332,100,10,False,False
54.0,-30524.333333333332,100,10,False,False
252.0,-30656.333333333332,100,10,False,False
28.0,-30717.333333333332,100,10,False,True
349.0,-30822.333333333332,100,10,True,False
417.0,-31007.333333333332,100,10,False,False
339.0,-31144.333333333332,100,10,False,False
354.0,-31350.333333333332,100,10,False,False
204.0,-31456.333333333332,100,10,False,False
193.0,-31621.333333333332,100,10,False,False
419.0,-31731.333333333332,100,10,False,False
296.0,-31921.333333333332,100,10,False,False
366.0,-32086.333333333332,100,10,False,False
303.0,-32263.333333333332,100,10,False,False
23.0,-32333.333333333332,100,10,True,False
439.0,-32384.333333333332,100,10,False,False
434.0,-32532.333333333332,100,10,False,False
204.0,-32632.333333333332,100,10,False,False
406.0,-32720.333333333332,100,10,True,True
74.0,-32869.33333333333,100,10,False,False
289.0,-32933.33333333333,100,10,False,False
40.0,-33016.33333333333,100,10,False,False
463.0,-33143.33333333333,100,10,True,True
31.0,-33330.33333333333,100,10,False,False
477.0,-33390.33333333333,100,10,False,False
221.0,-33470.33333333333,100,10,False,False
255.0,-33527.33333333333,100,10,False,False
351.0,-33648.33333333333,100,10,False,False
199.0,-33812.33333333333,100,10,False,False
496.0,-33930.33333333333,100,10,False,False
125.0,-34042.33333333333,100,10,True,False
89.0,-34243.33333333333,100,10,False,False
357.0,-34447.33333333333,100,10,False,False
496.0,-34630.33333333333,100,10,True,False
211.0,-34820.33333333333,100,10,False,False
217.0,-35007.33333333333,100,10,False,False
380.0,-35125.33333333333,100,10,False,False
128.0,-35193.33333333333,100,10,False,False
30.0,-35281.33333333333,100,10,False,False
27.0,-35342.33333333333,100,10,False,False
240.0,-35523.33333333333,100,10,False,False
160.0,-35598.33333333333,100,10,True,False
16.0,-35784.33333333333,100,10,False,False
458.0,-35866.33333333333,100,10,False,False
12.0,-36030.33333333333,100,10,False,False
128.0,-36103.33333333333,100,10,False,False
17.0,-36230.33333333333,100,10,False,True
160.0,-36346.33333333333,100,10,False,False
413.0,-36493.33333333333,100,10,False,False
48.0,-36620.33333333333,100,10,False,False
285.0,-36798.33333333333,100,10,False,False
260.0,-36934.33333333333,100,10,False,False
53.0,-37107.33333333333,100,10,False,False
268.0,-37271.33333333333,100,10,False,False
359.0,-37469.33333333333,100,10,False,False
459.0,-37526.33333333333,100,10,False,False
102.0,-37616.33333333333,100,10,False,False
166.0,-37799.33333333333,100,10,False,False
64.0,-37937.33333333333,100,10,False,False
153.0,-37998.33333333333,100,10,False,False
213.0,-38128.33333333333,100,10,False,False
139.0,-38268.33333333333,100,10,False,False
256.0,-38451.33333333333,100,10,True,False
76.0,-38532.33333333333,100,10,False,False
401.0,-38665.33333333333,100,10,False,False
231.0,-38732.33333333333,100,10,False,False
467.0,-38898.33333333333,100,10,False,False
417.0,-39045.33333333333,100,10,False,False
68.0,-39109.33333333333,100,10,True,False
294.0,-39284.33333333333,100,10,False,False
359.0,-39396.33333333333,100,10,False,False
185.0,-39532.33333333333,100,10,False,False
157.0,-39685.33333333333,100,10,False,False
272.0,-39822.33333333333,100,10,False,False
75.0,-39879.33333333333,100,10,False,False
288.0,-39985.33333333333,100,10,False,False
392.0,-40082.33333333333,100,10,False,False
25.0,-40290.33333333333,100,10,False,False
365.0,-40408.33333333333,100,10,False,False
34.0,-40524.33333333333,100,10,False,False
328.0,-40708.33333333333,100,10,False,False
329.0,-40813.33333333333,100,10,False,False
11.0,-40973.33333333333,100,10,False,False
363.0,-41147.33333333333,100,10,False,False
306.0,-41248.33333333333,100,10,False,False
231.0,-41406.33333333333,100,10,False,False
467.0,-41595.33333333333,100,10,False,False
371.0,-41768.33333333333,100,10,False,False
103.0,-41922.33333333333,100,10,True,False
394.0,-42108.33333333333,100,10,False,False
39.0,-42282.33333333333,100,10,False,False
407.0,-42462.33333333333,100,10,False,False
20.0,-42620.33333333333,100,10,False,False
97.0,-42671.33333333333,100,10,False,False
276.0,-42722.33333333333,100,10,False,False
454.0,-42903.33333333333,100,10,False,False
330.0,-43092.33333333333,100,10,False,False
269.0,-43214.33333333333,100,10,False,False
209.0,-43396.33333333333,100,10,False,False
157.0,-43594.33333333333,100,10,False,False
259.0,-43677.33333333333,100,10,False,False
281.0,-43762.33333333333,100,10,False,False
217.0,-43814.33333333333,100,10,False,False
188.0,-43873.33333333333,100,10,False,False
479.0,-43995.33333333333,100,10,False,False
460.0,-44049.33333333333,100,10,False,False
196.0,-44100.33333333333,100,10,False,False
407.0,-44219.33333333333,100,10,False,False
393.0,-44392.33333333333,100,10,False,False
411.0,-44558.33333333333,100,10,False,False
74.0,-44698.33333333333,100,10,False,False
88.0,-44752.33333333333,100,10,False,False
301.0,-44834.33333333333,100,10,False,False
480.0,-44950.33333333333,100,10,False,False
353.0,-45107.33333333333,100,10,False,False
397.0,-45242.33333333333,100,10,False,False
486.0,-45417.33333333333,100,10,False,False
46.0,-45575.33333333333,100,10,False,False
494.0,-45677.33333333333,100,10,False,False
52.0,-45733.33333333333,100,10,False,False
396.0,-45905.33333333333,100,10,False,False
427.0,-46002.33333333333,100,10,True,False
313.0,-46161.33333333333,100,10,True,False
273.0,-46266.33333333333,100,10,False,False
484.0,-46328.33333333333,100,10,False,False
347.0,-46519.33333333333,100,10,False,False
135.0,-46599.33333333333,100,10,False,False
245.0,-46694.33333333333,100,10,True,False
346.0,-46798.33333333333,100,10,False,False
63.0,-46947.33333333333,100,10,False,False
349.0,-47072.33333333333,100,10,False,False
59.0,-47222.33333333333,100,10,False,False
76.0,-47299.33333333333,100,10,False,False
85.0,-47400.33333333333,100,10,False,False
380.0,-47556.33333333333,100,10,False,False
324.0,-47732.33333333333,100,10,False,False
172.0,-47941.33333333333,100,10,False,False
387.0,-47993.33333333333,100,10,False,False
28.0,-48111.33333333333,100,10,False,False
153.0,-48273.33333333333,100,10,False,False
140.0,-48453.33333333333,100,10,False,False
210.0,-48566.33333333333,100,10,False,False
99.0,-48681.33333333333,100,10,False,False
462.0,-48884.33333333333,100,10,True,False
260.0,-49089.33333333333,100,10,False,False
143.0,-49208.33333333333,100,10,False,False
136.0,-49336.33333333333,100,10,False,False
188.0,-49513.33333333333,100,10,False,False
173.0,-49624.33333333333,100,10,False,False
378.0,-49720.33333333333,100,10,False,False
273.0,-49885.33333333333,100,10,False,True
166.0,-50064.33333333333,100,10,False,False
330.0,-50148.33333333333,100,10,False,False
252.0,-50357.33333333333,100,10,False,False
65.0,-50437.33333333333,100,10,False,False
115.0,-50552.33333333333,100,10,False,False
424.0,-50739.33333333333,100,10,True,False
350.0,-50833.33333333333,100,10,False,False
102.0,-51027.33333333333,100,10,False,False
216.0,-51155.33333333333,100,10,False,True
420.0,-51210.33333333333,100,10,False,False
43.0,-51316.33333333333,100,10,False,False
440.0,-51526.33333333333,100,10,False,False
368.0,-51729.33333333333,100,10,False,False
62.0,-51784.33333333333,100,10,False,False
58.0,-51869.33333333333,100,10,False,False
348.0,-51955.33333333333,100,10,False,True
39.0,-52093.33333333333,100,10,False,False
153.0,-52169.33333333333,100,10,False,False
271.0,-52287.33333333333,100,10,True,False
40.0,-52344.33333333333,100,10,False,False
478.0,-52489.33333333333,100,10,False,False
48.0,-52600.33333333333,100,10,False,False
4.0,-52720.33333333333,100,10,False,False
180.0,-52798.33333333333,100,10,False,False
310.0,-52880.33333333333,100,10,False,False
347.0,-52953.33333333333,100,10,False,False
243.0,-53138.33333333333,100,10,False,False
478.0,-53325.33333333333,100,10,False,False
323.0,-53431.33333333333,100,10,False,False
27.0,-53515.33333333333,100,10,False,False
89.0,-53593.33333333333,100,10,False,False
140.0,-53754.33333333333,100,10,False,True
275.0,-53868.33333333333,100,10,False,False
242.0,-53985.33333333333,100,10,False,False
381.0,-54061.33333333333,100,10,False,False
185.0,-54250.33333333333,100,10,False,False
350.0,-54429.33333333333,100,10,False,True
157.0,-54637.33333333333,100,10,False,False
79.0,-54720.33333333333,100,10,False,False
346.0,-54806.33333333333,100,10,False,False
186.0,-54941.33333333333,100,10,False,False
434.0,-55030.33333333333,100,10,False,False
60.0,-55183.33333333333,100,10,False,False
151.0,-55302.33333333333,100,10,False,False
487.0,-55506.33333333333,100,10,True,False
470.0,-55558.33333333333,100,10,False,False
382.0,-55705.33333333333,100,10,False,False
15.0,-55872.33333333333,100,10,False,False
141.0,-56030.33333333333,100,10,False,False
310.0,-56183.33333333333,100,10,False,True
241.0,-56258.33333333333,100,10,True,False
415.0,-56308.33333333333,100,10,True,False
71.0,-56508.33333333333,100,10,False,False
282.0,-56649.33333333333,100,10,False,False
465.0,-56844.33333333333,100,10,False,False
419.0,-57015.33333333333,100,10,False,False
122.0,-57224.33333333333,100,10,False,False
446.0,-57365.33333333333,100,10,False,False
469.0,-57425.33333333333,100,10,False,False
129.0,-57563.33333333333,100,10,False,False
315.0,-57627.33333333333,100,10,False,False
183.0,-57773.33333333333,100,10,False,False
225.0,-57910.33333333333,100,10,False,False
265.0,-58116.33333333333,100,10,False,True
344.0,-58253.33333333333,100,10,False,False
278.0,-58347.33333333333,100,10,False,False
457.0,-58521.33333333333,100,10,False,False
499.0,-58602.33333333333,100,10,False,True
459.0,-58774.33333333333,100,10,False,False
203.0,-58868.33333333333,100,10,False,False
171.0,-58981.33333333333,100,10,False,False
401.0,-59093.33333333333,100,10,False,False
189.0,-59263.33333333333,100,10,False,False
221.0,-59362.33333333333,100,10,False,False
61.0,-59550.33333333333,100,10,False,False
429.0,-59668.33333333333,100,10,False,False
192.0,-59721.33333333333,100,10,False,False
334.0,-59777.33333333333,100,10,False,False
392.0,-59944.33333333333,100,10,False,False
408.0,-60122.33333333333,100,10,False,False
497.0,-60211.33333333333,100,10,False,False
9.0,-60326.33333333333,100,10,False,False
275.0,-60434.33333333333,100,10,False,True
411.0,-60623.33333333333,100,10,False,False
339.0,-60713.33333333333,100,10,False,False
38.0,-60824.33333333333,100,10,False,False
89.0,-60915.33333333333,100,10,False,False
262.0,-60970.33333333333,100,10,False,False
406.0,-61080.33333333333,100,10,True,False
358.0,-61178.33333333333,100,10,False,False
334.0,-61384.33333333333,100,10,False,False
203.0,-61497.33333333333,100,10,False,False
329.0,-61692.33333333333,100,10,True,False
286.0,-61764.33333333333,100,10,False,False
23.0,-61936.33333333333,100,10,False,False
10.0,-61989.33333333333,100,10,False,False
370.0,-62110.33333333333,100,10,False,False
68.0,-62312.33333333333,100,10,False,False
394.0,-62443.33333333333,100,10,False,False
256.0,-62607.33333333333,100,10,False,False
357.0,-62699.33333333333,100,10,False,False
413.0,-62848.33333333333,100,10,False,False
184.0,-62969.33333333333,100,10,False,False
143.0,-63164.33333333333,100,10,False,False
42.0,-63373.33333333333,100,10,False,False
132.0,-63459.33333333333,100,10,False,False
196.0,-63598.33333333333,100,10,False,False
6.0,-63767.33333333333,100,10,False,False
115.0,-63881.33333333333,100,10,False,False
275.0,-64079.33333333333,100,10,False,False
219.0,-64268.33333333333,100,10,False,False
283.0,-64353.33333333333,100,10,False,False
42.0,-64453.33333333333,100,10,False,False
402.0,-64542.33333333333,100,10,False,True
382.0,-64599.33333333333,100,10,False,False
349.0,-64755.33333333333,100,10,False,False
66.0,-64957.33333333333,100,10,False,False
37.0,-65146.33333333333,100,10,False,False
146.0,-65231.33333333333,100,10,False,False
182.0,-65382.33333333333,100,10,False,False
363.0,-65508.33333333333,100,10,False,False
274.0,-65683.33333333333,100,10,False,False
423.0,-65864.33333333333,100,10,False,False
11.0,-66032.33333333333,100,10,False,False
303.0,-66241.33333333333,100,10,False,False
386.0,-66386.33333333333,100,10,False,False
29.0,-66594.33333333333,100,10,True,False
81.0,-66724.33333333333,100,10,False,False
57.0,-66800.33333333333,100,10,False,False
125.0,-67000.33333333333,100,10,False,False
203.0,-67179.33333333333,100,10,False,False
419.0,-67283.33333333333,100,10,False,False
68.0,-67465.33333333333,100,10,False,False
367.0,-67515.33333333333,100,10,False,False
390.0,-67616.33333333333,100,10,False,False
279.0,-67789.33333333333,100,10,False,False
19.0,-67907.33333333333,100,10,False,False
257.0,-68098.33333333333,100,10,False,False
393.0,-68218.33333333333,100,10,False,False
139.0,-68370.33333333333,100,10,False,False
95.0,-68453.33333333333,100,10,False,True
385.0,-68619.33333333333,100,10,True,False
201.0,-68723.33333333333,100,10,False,False
48.0,-68835.33333333333,100,10,False,False
433.0,-68895.33333333333,100,10,False,False
489.0,-68993.33333333333,100,10,False,False
97.0,-69171.33333333333,100,10,False,False
184.0,-69354.33333333333,100,10,False,False
337.0,-69496.33333333333,100,10,False,False
174.0,-69562.33333333333,100,10,True,False
427.0,-69623.33333333333,100,10,False,False
437.0,-69710.33333333333,100,10,False,False
298.0,-69771.33333333333,100,10,False,False
202.0,-69965.33333333333,100,10,False,False
431.0,-70146.33333333333,100,10,False,False
201.0,-70273.33333333333,100,10,False,False
492.0,-70443.33333333333,100,10,True,False
8.0,-70615.33333333333,100,10,False,False
383.0,-70815.33333333333,100,10,False,False
305.0,-70903.33333333333,100,10,False,False
33.0,-71024.33333333333,100,10,False,False
212.0,-71166.33333333333,100,10,False,False
294.0,-71222.33333333333,100,10,False,False
293.0,-71281.33333333333,100,10,False,True
461.0,-71356.33333333333,100,10,False,False
384.0,-71500.33333333333,100,10,False,True
298.0,-71644.33333333333,100,10,False,False
433.0,-71715.33333333333,100,10,False,False
256.0,-71850.33333333333,100,10,False,True
465.0,-71941.33333333333,100,10,False,False
74.0,-72045.33333333333,100,10,False,False
55.0,-72245.33333333333,100,10,False,False
215.0,-72425.33333333333,100,10,False,False
311.0,-72541.33333333333,100,10,False,True
392.0,-72607.33333333333,100,10,False,False
386.0,-72724.33333333333,100,10,False,False
293.0,-72846.33333333333,100,10,False,False
362.0,-72915.33333333333,100,10,False,False
42.0,-73070.33333333333,100,10,False,False
371.0,-73261.33333333333,100,10,False,False
107.0,-73371.33333333333,100,10,False,False
24.0,-73543.33333333333,100,10,False,False
420.0,-73645.33333333333,100,10,False,False
161.0,-73835.33333333333,100,10,False,False
68.0,-74017.33333333333,100,10,True,False
409.0,-74160.33333333333,100,10,True,True
213.0,-74290.33333333333,100,10,False,False
361.0,-74350.33333333333,100,10,False,False
217.0,-74534.33333333333,100,10,False,False
58.0,-74643.33333333333,100,10,False,False
259.0,-74843.33333333333,100,10,False,False
234.0,-74961.33333333333,100,10,False,False
184.0,-75025.33333333333,100,10,False,False
370.0,-75232.33333333333,100,10,False,False
7.0,-75284.33333333333,100,10,False,True
129.0,-75376.33333333333,100,10,False,True
117.0,-75428.33333333333,100,10,False,False
17.0,-75522.33333333333,100,10,False,False
226.0,-75625.33333333333,100,10,False,False
259.0,-75800.33333333333,100,10,False,False
483.0,-75950.33333333333,100,10,False,False
304.0,-76049.33333333333,100,10,False,False
152.0,-76258.33333333333,100,10,False,False
242.0,-76465.33333333333,100,10,False,True
10.0,-76639.33333333333,100,10,False,False
295.0,-76849.33333333333,100,10,False,False
423.0,-77009.33333333333,100,10,False,False
37.0,-77145.33333333333,100,10,False,False
359.0,-77244.33333333333,100,10,False,False
487.0,-77420.33333333333,100,10,False,False
481.0,-77610.33333333333,100,10,False,False
348.0,-77813.33333333333,100,10,False,False
309.0,-77978.33333333333,100,10,False,False
345.0,-78096.33333333333,100,10,False,False
391.0,-78290.33333333333,100,10,False,False
132.0,-78478.33333333333,100,10,False,False
309.0,-78531.33333333333,100,10,True,False
234.0,-78698.33333333333,100,10,False,False
227.0,-78878.33333333333,100,10,False,False
473.0,-79049.33333333333,100,10,False,False
74.0,-79259.33333333333,100,10,False,False
328.0,-79322.33333333333,100,10,False,False
130.0,-79374.33333333333,100,10,False,False
156.0,-79437.33333333333,100,10,False,True
173.0,-79570.33333333333,100,10,False,False
106.0,-79632.33333333333,100,10,False,False
343.0,-79712.33333333333,100,10,False,False
399.0,-79794.33333333333,100,10,False,False
174.0,-79999.33333333333,100,10,False,True
386.0,-80095.33333333333,100,10,False,False
328.0,-80291.33333333333,100,10,False,False
193.0,-80416.33333333333,100,10,False,False
415.0,-80584.33333333333,100,10,False,False
480.0,-80738.33333333333,100,10,False,False
316.0,-80798.33333333333,100,10,False,False
124.0,-80905.33333333333,100,10,False,False
318.0,-81008.33333333333,100,10,False,False
380.0,-81134.33333333333,100,10,False,True
227.0,-81262.33333333333,100,10,False,False
15.0,-81349.33333333333,100,10,False,False
175.0,-81540.33333333333,100,10,False,False
480.0,-81671.33333333333,100,10,False,False
330.0,-81870.33333333333,100,10,False,False
339.0,-82060.33333333333,100,10,False,False
431.0,-82112.33333333333,100,10,False,False
327.0,-82184.33333333333,100,10,False,False
112.0,-82362.33333333333,100,10,False,False
223.0,-82479.33333333333,100,10,False,False
27.0,-82588.33333333333,100,10,False,False
263.0,-82769.33333333333,100,10,False,False
149.0,-82852.33333333333,100,10,True,False
1.0,-82957.33333333333,100,10,False,True
374.0,-83115.33333333333,100,10,True,False
4.0,-83179.33333333333,100,10,True,False
170.0,-83315.33333333333,100,10,True,False
286.0,-83367.33333333333,100,10,False,False
136.0,-83468.33333333333,100,10,False,False
267.0,-83658.33333333333,100,10,False,False
107.0,-83754.33333333333,100,10,False,True
496.0,-83865.33333333333,100,10,False,False
18.0,-84030.33333333333,100,10,False,False
61.0,-84184.33333333333,100,10,True,False
258.0,-84281.33333333333,100,10,False,False
111.0,-84378.33333333333,100,10,False,False
463.0,-84505.33333333333,100,10,False,True
449.0,-84635.33333333333,100,10,False,False
76.0,-84798.33333333333,100,10,False,True
492.0,-84921.33333333333,100,10,False,True
45.0,-85121.33333333333,100,10,False,False
340.0,-85229.33333333333,100,10,False,False
103.0,-85293.33333333333,100,10,True,False
44.0,-85372.33333333333,100,10,False,False
269.0,-85486.33333333333,100,10,False,False
370.0,-85544.33333333333,100,10,False,False
166.0,-85643.33333333333,100,10,False,False
391.0,-85809.33333333333,100,10,False,False
442.0,-85956.33333333333,100,10,False,False
218.0,-86028.33333333333,100,10,False,False
466.0,-86165.33333333333,100,10,False,False
122.0,-86244.33333333333,100,10,False,False
453.0,-86405.33333333333,100,10,False,False
471.0,-86532.33333333333,100,10,False,False
209.0,-86676.33333333333,100,10,False,False
161.0,-86816.33333333333,100,10,False,False
8.0,-86996.33333333333,100,10,False,False
86.0,-87123.33333333333,100,10,False,False
446.0,-87205.33333333333,100,10,False,False
85.0,-87293.33333333333,100,10,False,False
77.0,-87503.33333333333,100,10,False,False
416.0,-87573.33333333333,100,10,False,False
182.0,-87683.33333333333,100,10,False,False
141.0,-87776.33333333333,100,10,False,False
219.0,-87845.33333333333,100,10,False,False
453.0,-87985.33333333333,100,10,False,False
350.0,-88074.33333333333,100,10,False,False
245.0,-88171.33333333333,100,10,False,True
371.0,-88232.33333333333,100,10,False,False
376.0,-88373.33333333333,100,10,False,False
439.0,-88513.33333333333,100,10,False,False
175.0,-88658.33333333333,100,10,False,False
485.0,-88755.33333333333,100,10,False,True
453.0,-88874.33333333333,100,10,False,False
31.0,-88977.33333333333,100,10,False,False
288.0,-89110.33333333333,100,10,False,False
395.0,-89252.33333333333,100,10,True,False
357.0,-89376.33333333333,100,10,False,True
49.0,-89476.33333333333,100,10,False,False
259.0,-89620.33333333333,100,10,False,False
116.0,-89711.33333333333,100,10,False,False
261.0,-89907.33333333333,100,10,False,False
462.0,-90110.33333333333,100,10,False,False
441.0,-90270.33333333333,100,10,False,False
243.0,-90451.33333333333,100,10,False,False
100.0,-90592.33333333333,100,10,False,False
141.0,-90660.33333333333,100,10,False,False
68.0,-90746.33333333333,100,10,False,True
248.0,-90837.33333333333,100,10,False,False
401.0,-90899.33333333333,100,10,False,False
121.0,-91105.33333333333,100,10,False,False
44.0,-91209.33333333333,100,10,False,False
308.0,-91309.33333333333,100,10,False,False
353.0,-91506.33333333333,100,10,False,False
111.0,-91560.33333333333,100,10,False,False
18.0,-91751.33333333333,100,10,True,False
286.0,-91928.33333333333,100,10,False,False
34.0,-92102.33333333333,100,10,False,False
342.0,-92297.33333333333,100,10,False,False
455.0,-92428.33333333333,100,10,False,False
173.0,-92601.33333333333,100,10,False,False
32.0,-92718.33333333333,100,10,False,False
9.0,-92850.33333333333,100,10,False,False
160.0,-92957.33333333333,100,10,False,False
487.0,-93085.33333333333,100,10,False,False
150.0,-93138.33333333333,100,10,False,False
24.0,-93262.33333333333,100,10,False,False
474.0,-93422.33333333333,100,10,False,False
182.0,-93543.33333333333,100,10,False,False
253.0,-93737.33333333333,100,10,False,False
131.0,-93942.33333333333,100,10,False,False
73.0,-94074.33333333333,100,10,False,False
182.0,-94225.33333333333,100,10,False,False
356.0,-94420.33333333333,100,10,False,False
76.0,-94585.33333333333,100,10,False,False
19.0,-94697.33333333333,100,10,False,False
379.0,-94767.33333333333,100,10,False,True
259.0,-94949.33333333333,100,10,False,False
358.0,-95122.33333333333,100,10,False,False
288.0,-95215.33333333333,100,10,False,False
197.0,-95268.33333333333,100,10,False,False
425.0,-95461.33333333333,100,10,False,False
301.0,-95662.33333333333,100,10,False,True
420.0,-95806.33333333333,100,10,False,False
352.0,-95916.33333333333,100,10,False,False
155.0,-96105.33333333333,100,10,False,False
99.0,-96246.33333333333,100,10,False,False
476.0,-96409.33333333333,100,10,True,False
172.0,-96604.33333333333,100,10,False,False
244.0,-96779.33333333333,100,10,True,False
452.0,-96888.33333333333,100,10,False,True
335.0,-97051.33333333333,100,10,False,False
204.0,-97154.33333333333,100,10,False,False
134.0,-97284.33333333333,100,10,False,False
67.0,-97418.33333333333,100,10,False,False
271.0,-97626.33333333333,100,10,False,False
361.0,-97817.33333333333,100,10,False,False
261.0,-97984.33333333333,100,10,False,False
266.0,-98077.33333333333,100,10,False,False
303.0,-98206.33333333333,100,10,False,False
349.0,-98295.33333333333,100,10,True,False
217.0,-98375.33333333333,100,10,False,False
376.0,-98556.33333333333,100,10,False,False
230.0,-98718.33333333333,100,10,False,False
427.0,-98861.33333333333,100,10,False,True
369.0,-98932.33333333333,100,10,False,False
198.0,-99119.33333333333,100,10,False,False
93.0,-99270.33333333333,100,10,False,False
436.0,-99453.33333333333,100,10,False,True
99.0,-99653.33333333333,100,10,False,False
199.0,-99828.33333333333,100,10,False,False
431.0,-99922.33333333333,100,10,False,False
449.0,-100018.33333333333,100,10,True,False
408.0,-100083.33333333333,100,10,False,False
117.0,-100273.33333333333,100,10,False,False
171.0,-100436.33333333333,100,10,False,False
382.0,-100499.33333333333,100,10,False,False
238.0,-100653.33333333333,100,10,False,False
84.0,-100727.33333333333,100,10,False,False
452.0,-100886.33333333333,100,10,False,False
258.0,-101058.33333333333,100,10,False,False
179.0,-101145.33333333333,100,10,False,False
115.0,-101244.33333333333,100,10,False,False
52.0,-101333.33333333333,100,10,False,False
232.0,-101396.33333333333,100,10,False,False
164.0,-101589.33333333333,100,10,False,False
198.0,-101642.33333333333,100,10,False,False
154.0,-101806.33333333333,100,10,False,False
198.0,-102004.33333333333,100,10,False,False
89.0,-102128.33333333333,100,10,False,False
228.0,-102224.33333333333,100,10,False,False
275.0,-102301.33333333333,100,10,False,False
161.0,-102432.33333333333,100,10,False,False
478.0,-102625.33333333333,100,10,False,False
163.0,-102823.33333333333,100,10,False,False
165.0,-102991.33333333333,100,10,False,False
421.0,-103141.33333333333,100,10,False,False
123.0,-103233.33333333333,100,10,False,False
477.0,-103435.33333333333,100,10,False,True
463.0,-103567.33333333333,100,10,False,False
168.0,-103632.33333333333,100,10,False,True
184.0,-103770.33333333333,100,10,False,False
451.0,-103972.33333333333,100,10,False,False
402.0,-104075.33333333333,100,10,False,False
203.0,-104205.33333333333,100,10,False,False
4.0,-104299.33333333333,100,10,False,False
309.0,-104438.33333333333,100,10,False,False
33.0,-104547.33333333333,100,10,False,False
104.0,-104695.33333333333,100,10,False,False
2.0,-104856.33333333333,100,10,False,False
487.0,-105010.33333333333,100,10,False,False
404.0,-105196.33333333333,100,10,False,False
73.0,-105333.33333333333,100,10,False,False
277.0,-105466.33333333333,100,10,False,False
498.0,-105649.33333333333,100,10,False,False
81.0,-105748.33333333333,100,10,False,False
493.0,-105839.33333333333,100,10,False,False
299.0,-106002.33333333333,100,10,False,False
68.0,-106162.33333333333,100,10,False,False
304.0,-106293.33333333333,100,10,False,True
398.0,-106434.33333333333,100,10,False,False
354.0,-106544.33333333333,100,10,False,False
17.0,-106719.33333333333,100,10,False,False
272.0,-106803.33333333333,100,10,False,False
107.0,-106889.33333333333,100,10,False,False
143.0,-106974.33333333333,100,10,False,False
243.0,-107122.33333333333,100,10,True,False
454.0,-107290.33333333333,100,10,False,False
105.0,-107401.33333333333,100,10,True,False
21.0,-107528.33333333333,100,10,False,False
36.0,-107626.33333333333,100,10,False,False
443.0,-107704.33333333333,100,10,False,False
228.0,-107780.33333333333,100,10,False,False
341.0,-107953.33333333333,100,10,False,False
190.0,-108113.33333333333,100,10,False,False
210.0,-108261.33333333333,100,10,False,False
472.0,-108451.33333333333,100,10,False,False
74.0,-108517.33333333333,100,10,False,False
123.0,-108572.33333333333,100,10,False,False
401.0,-108738.33333333333,100,10,False,False
48.0,-108933.33333333333,100,10,True,False
3.0,-109117.33333333333,100,10,True,False
212.0,-109238.33333333333,100,10,False,False
463.0,-109383.33333333333,100,10,False,False
299.0,-109520.33333333333,100,10,True,False
66.0,-109686.33333333333,100,10,False,False
30.0,-109885.33333333333,100,10,False,False
325.0,-109997.33333333333,100,10,False,False
486.0,-110158.33333333333,100,10,False,False
187.0,-110212.33333333333,100,10,False,False
12.0,-110335.33333333333,100,10,False,False
247.0,-110391.33333333333,100,10,False,False
220.0,-110591.33333333333,100,10,False,False
308.0,-110780.33333333333,100,10,False,False
275.0,-110862.33333333333,100,10,False,False
329.0,-111012.33333333333,100,10,False,False
123.0,-111166.33333333333,100,10,False,False
426.0,-111338.33333333333,100,10,False,False
34.0,-111417.33333333333,100,10,False,False
443.0,-111623.33333333333,100,10,False,False
181.0,-111697.33333333333,100,10,False,False
353.0,-111775.33333333333,100,10,False,False
1.0,-111847.33333333333,100,10,False,False
46.0,-111957.33333333333,100,10,False,False
31.0,-112163.33333333333,100,10,False,False
152.0,-112356.33333333333,100,10,False,False
343.0,-112416.33333333333,100,10,False,True
465.0,-112536.33333333333,100,10,False,False
112.0,-112698.33333333333,100,10,False,False
226.0,-112870.33333333333,100,10,False,True
263.0,-112988.33333333333,100,10,False,False
233.0,-113150.33333333333,100,10,False,False
93.0,-113351.33333333333,100,10,False,False
388.0,-113502.33333333333,100,10,False,False
350.0,-113657.33333333333,100,10,False,False
244.0,-113808.33333333333,100,10,False,False
8.0,-113936.33333333333,100,10,False,False
498.0,-114112.33333333333,100,10,False,False
432.0,-114228.33333333333,100,10,False,False
450.0,-114416.33333333333,100,10,False,False
256.0,-114493.33333333333,100,10,False,False
228.0,-114552.33333333333,100,10,False,False
466.0,-114747.33333333333,100,10,False,False
64.0,-114892.33333333333,100,10,True,False
394.0,-114993.33333333333,100,10,False,False
401.0,-115059.33333333333,100,10,False,False
331.0,-115112.33333333333,100,10,False,False
354.0,-115290.33333333333,100,10,True,False
57.0,-115442.33333333333,100,10,False,False
309.0,-115574.33333333333,100,10,False,False
475.0,-115770.33333333333,100,10,False,False
255.0,-115976.33333333333,100,10,False,False
447.0,-116176.33333333333,100,10,False,True
86.0,-116274.33333333333,100,10,True,False
412.0,-116353.33333333333,100,10,True,False
271.0,-116545.33333333333,100,10,False,False
82.0,-116646.33333333333,100,10,False,False
443.0,-116754.33333333333,100,10,False,False
180.0,-116932.33333333333,100,10,False,False
314.0,-117050.33333333333,100,10,False,False
415.0,-117247.33333333333,100,10,False,False
135.0,-117449.33333333333,100,10,True,True
312.0,-117609.33333333333,100,10,False,False
223.0,-117767.33333333333,100,10,False,False
393.0,-117871.33333333333,100,10,False,True
488.0,-118030.33333333333,100,10,False,False
261.0,-118170.33333333333,100,10,False,False
117.0,-118277.33333333333,100,10,True,False
444.0,-118344.33333333333,100,10,False,False
112.0,-118449.33333333333,100,10,False,False
195.0,-118632.33333333333,100,10,False,False
0.0,-118838.33333333333,100,10,False,False
397.0,-118955.33333333333,100,10,False,False
353.0,-119038.33333333333,100,10,False,False
403.0,-119096.33333333333,100,10,False,False
442.0,-119283.33333333333,100,10,True,False
438.0,-119392.33333333333,100,10,False,False
453.0,-119467.33333333333,100,10,False,False
223.0,-119676.33333333333,100,10,False,False
50.0,-119811.33333333333,100,10,False,False
294.0,-119986.33333333333,100,10,False,False
183.0,-120163.33333333333,100,10,False,False
221.0,-120372.33333333333,100,10,False,False
428.0,-120529.33333333333,100,10,True,False
484.0,-120681.33333333333,100,10,False,False
31.0,-120763.33333333333,100,10,False,False
220.0,-120970.33333333333,100,10,False,False
306.0,-121071.33333333333,100,10,False,False
216.0,-121273.33333333333,100,10,False,False
166.0,-121350.33333333333,100,10,False,False
400.0,-121537.33333333333,100,10,False,False
287.0,-121593.33333333333,100,10,False,False
394.0,-121667.33333333333,100,10,False,False
384.0,-121784.33333333333,100,10,False,False
411.0,-121869.33333333333,100,10,False,False
14.0,-122016.33333333333,100,10,False,False
396.0,-122099.33333333333,100,10,False,False
410.0,-122274.33333333333,100,10,False,False
192.0,-122331.33333333333,100,10,True,False
43.0,-122534.33333333333,100,10,False,False
461.0,-122594.33333333333,100,10,False,False
312.0,-122719.33333333333,100,10,True,False
34.0,-122779.33333333333,100,10,False,True
157.0,-122978.33333333333,100,10,False,False
275.0,-123051.33333333333,100,10,False,False
435.0,-123192.33333333333,100,10,False,False
454.0,-123285.33333333333,100,10,False,False
127.0,-123469.33333333333,100,10,False,False
127.0,-123578.33333333333,100,10,False,False
159.0,-123683.33333333333,100,10,False,False
365.0,-123815.33333333333,100,10,False,False
336.0,-123866.33333333333,100,10,False,False
75.0,-123974.33333333333,100,10,False,False
132.0,-124045.33333333333,100,10,False,False
84.0,-124130.33333333333,100,10,False,False
37.0,-124339.33333333333,100,10,False,False
81.0,-124443.33333333333,100,10,True,False
205.0,-124548.33333333333,100,10,False,False
395.0,-124677.33333333333,100,10,False,False
261.0,-124801.33333333333,100,10,False,False
42.0,-124937.33333333333,100,10,False,False
61.0,-125046.33333333333,100,10,False,False
234.0,-125238.33333333333,100,10,True,False
234.0,-125330.33333333333,100,10,False,False
98.0,-125408.33333333333,100,10,True,False
109.0,-125536.33333333333,100,10,False,False
465.0,-125661.33333333333,100,10,False,False
136.0,-125800.33333333333,100,10,False,True
447.0,-125857.33333333333,100,10,True,False
21.0,-126019.33333333333,100,10,False,False
231.0,-126149.33333333333,100,10,False,False
126.0,-126228.33333333333,100,10,False,False
15.0,-126327.33333333333,100,10,False,False
319.0,-126411.33333333333,100,10,False,False
225.0,-126467.33333333333,100,10,True,False
425.0,-126575.33333333333,100,10,False,False
486.0,-126761.33333333333,100,10,True,False
32.0,-126846.33333333333,100,10,True,False
467.0,-126978.33333333333,100,10,False,False
276.0,-127160.33333333333,100,10,False,False
4.0,-127311.33333333333,100,10,False,False
132.0,-127451.33333333333,100,10,False,False
271.0,-127604.33333333333,100,10,False,False
142.0,-127773.33333333333,100,10,False,False
288.0,-127945.33333333333,100,10,False,False
106.0,-128153.33333333333,100,10,False,True
26.0,-128335.33333333333,100,10,False,False
163.0,-128441.33333333333,100,10,False,True
372.0,-128595.33333333333,100,10,False,False
450.0,-128773.33333333333,100,10,False,False
67.0,-128831.33333333333,100,10,False,False
199.0,-129020.33333333333,100,10,False,False
22.0,-129221.33333333333,100,10,False,False
361.0,-129348.33333333333,100,10,False,False
11.0,-129530.33333333333,100,10,False,False
274.0,-129628.33333333333,100,10,False,False
454.0,-129814.33333333333,100,10,False,False
107.0,-129886.33333333333,100,10,False,False
336.0,-129949.33333333333,100,10,False,False
77.0,-130002.33333333333,100,10,False,True
220.0,-130202.33333333333,100,10,False,False
289.0,-130307.33333333333,100,10,False,False
496.0,-130384.33333333333,100,10,False,False
